Price,Open,High,Low,Vol.,Change %
262.9,254.4,267.3,253.9,95180.0,3.31
269.6,262.9,275.4,261.7,113840.0,2.55
261.7,269.6,272.4,259.5,52270.0,-2.93
263.8,261.7,266.0,259.9,58170.0,0.82
269.8,263.8,272.1,262.7,75400.0,2.25
267.1,269.8,272.2,263.5,59640.0,-0.98
274.4,267.1,278.7,266.8,93150.0,2.74
276.9,274.4,279.8,273.2,69320.0,0.91
282.6,276.9,283.0,277.0,60130.0,2.04
287.9,282.6,295.6,281.8,113900.0,1.88
285.1,287.9,287.6,279.6,73210.0,-0.94
294.7,285.1,298.4,285.1,105870.0,3.34
303.5,294.7,307.5,294.0,116410.0,3.01
313.6,303.5,318.5,300.2,138920.0,3.32
327.1,313.6,334.9,310.8,156490.0,4.30
311.2,327.1,333.3,304.6,105830.0,-4.85
323.0,311.2,324.3,304.7,73710.0,3.76
359.3,323.0,365.8,319.8,223100.0,11.25
396.5,359.3,416.8,354.6,421990.0,10.36
400.9,396.5,492.8,368.6,517730.0,1.11
382.7,400.9,447.2,366.1,302950.0,-4.54
369.8,382.7,396.4,348.8,255280.0,-3.37
385.1,369.8,391.8,369.0,103030.0,4.13
371.6,385.1,389.8,365.5,94360.0,-3.51
380.2,371.6,385.1,360.2,125540.0,2.33
336.7,380.2,381.4,323.2,210290.0,-11.45
304.7,336.7,341.8,292.4,263960.0,-9.50
333.9,304.7,346.1,306.1,164610.0,9.56
333.8,333.9,341.8,323.9,97250.0,-0.02
331.8,333.8,369.8,326.4,71110.0,-0.60
317.5,331.8,334.8,314.2,88320.0,-4.32
330.2,317.5,332.0,314.1,87140.0,4.02
333.9,330.2,342.9,328.1,98250.0,1.12
335.9,333.9,337.4,329.4,78360.0,0.60
325.0,335.9,335.6,323.4,86380.0,-3.26
321.1,325.0,327.1,309.5,109990.0,-1.19
324.7,321.1,328.4,318.4,45000.0,1.11
322.8,324.7,326.9,319.4,36750.0,-0.59
322.1,322.8,325.0,319.9,42730.0,-0.20
318.4,322.1,323.3,315.5,50660.0,-1.17
327.5,318.4,330.0,315.7,77680.0,2.88
353.7,327.5,368.9,327.4,211380.0,8.01
359.5,353.7,363.9,345.1,103480.0,1.63
355.8,359.5,360.1,350.5,56170.0,-1.03
370.8,355.8,372.8,354.5,67370.0,4.22
378.0,370.8,382.6,367.9,129770.00000000001,1.92
361.8,378.0,379.0,353.7,111910.0,-4.28
360.0,361.8,363.4,347.2,92450.0,-0.50
360.3,360.0,371.4,355.5,87230.0,0.09
361.7,360.3,364.0,354.3,60550.0,0.38
386.7,361.7,390.3,361.5,115200.0,6.92
393.4,386.7,402.2,382.6,131860.0,1.73
394.3,393.4,398.7,381.7,96750.0,0.23
410.7,394.3,411.1,388.0,74360.0,4.16
416.0,410.7,424.6,403.3,147360.0,1.30
415.5,416.0,420.4,409.5,71660.0,-0.12
449.8,415.5,453.4,413.7,175060.0,8.26
432.3,449.8,467.7,403.7,211440.0,-3.90
434.7,432.3,441.0,420.8,64140.0,0.56
442.0,434.7,449.5,428.8,218920.0,1.68
462.6,442.0,464.2,440.7,107060.0,4.67
454.0,462.6,465.2,437.4,185220.0,-1.87
455.5,454.0,458.4,447.3,64580.0,0.34
463.2,455.5,466.1,453.5,83410.0,1.68
461.2,463.2,466.0,452.3,61310.0,-0.43
441.8,461.2,462.8,431.1,121530.0,-4.21
437.6,441.8,445.5,424.0,121990.0,-0.95
437.0,437.6,443.2,433.3,65790.0,-0.13
442.4,437.0,444.8,434.3,63250.0,1.24
453.0,442.4,460.6,441.8,79600.0,2.38
454.0,453.0,457.4,449.5,42390.0,0.24
415.4,454.0,456.5,400.5,208580.0,-8.52
422.4,415.4,425.5,406.1,67580.0,1.69
421.8,422.4,429.9,417.1,68350.0,-0.15
431.9,421.8,433.6,419.3,70650.0,2.41
427.1,431.9,435.0,420.8,68270.0,-1.10
430.0,427.1,433.1,417.1,65209.99999999999,0.66
434.0,430.0,438.0,425.9,46970.0,0.94
433.7,434.0,437.4,430.7,33570.0,-0.06
430.7,433.7,434.1,423.1,54830.0,-0.70
433.3,430.7,435.3,428.6,53010.0,0.61
431.2,433.3,435.3,428.9,45030.0,-0.49
430.8,431.2,432.1,425.0,43430.0,-0.09
457.0,430.8,457.5,428.5,130199.99999999999,6.09
452.9,457.0,462.9,446.5,91310.0,-0.91
448.3,452.9,454.5,444.9,39810.0,-1.01
446.2,448.3,448.9,438.6,44460.0,-0.47
447.7,446.2,451.1,441.8,56590.0,0.34
445.0,447.7,448.4,443.1,44590.0,-0.60
432.2,445.0,443.7,420.4,92040.0,-2.89
429.1,432.2,433.7,427.0,46170.0,-0.71
372.3,429.1,430.1,364.7,268140.0,-13.25
385.0,372.3,386.7,350.4,183960.0,3.43
382.5,385.0,390.7,377.7,66090.0,-0.67
384.4,382.5,387.3,373.2,69300.0,0.50
379.5,384.4,386.7,375.9,66350.0,-1.29
414.6,379.5,425.7,374.0,190320.0,9.26
410.2,414.6,423.4,403.9,89940.0,-1.05
382.6,410.2,411.5,374.9,144860.0,-6.73
388.6,382.6,395.4,380.3,61380.0,1.56
402.1,388.6,405.4,385.5,64540.00000000001,3.48
392.8,402.1,403.8,386.9,67660.0,-2.33
389.8,392.8,397.7,387.9,56810.0,-0.76
395.0,389.8,397.4,389.4,43680.0,1.34
379.7,395.0,395.4,376.7,77320.0,-3.88
380.3,379.7,385.8,363.5,138460.0,0.16
377.8,380.3,381.8,375.0,36180.0,-0.67
369.8,377.8,380.5,366.9,39020.0,-2.10
372.2,369.8,379.8,365.3,74350.0,0.63
373.9,372.2,376.6,371.4,50980.0,0.47
368.0,373.9,375.9,366.2,59810.0,-1.58
390.6,368.0,391.8,368.0,101870.0,6.15
386.5,390.6,391.1,384.5,60920.0,-1.07
376.7,386.5,386.4,372.9,78850.0,-2.53
377.9,376.7,382.6,375.3,40740.0,0.33
372.6,377.9,380.9,372.1,62240.0,-1.40
375.3,372.6,377.6,371.4,55360.0,0.72
381.9,375.3,385.4,374.1,97490.0,1.75
379.5,381.9,383.2,372.8,62650.0,-0.64
384.0,379.5,386.4,379.3,53760.0,1.21
390.1,384.0,392.6,383.3,48160.0,1.58
405.5,390.1,405.9,390.1,73590.0,3.95
401.1,405.5,410.9,396.6,86130.0,-1.09
406.4,401.1,409.8,398.0,68330.0,1.33
417.1,406.4,421.5,405.0,90320.0,2.64
421.4,417.1,425.5,414.8,77350.0,1.02
420.0,421.4,424.3,416.4,52240.0,-0.34
440.1,420.0,442.7,419.5,111630.0,4.78
437.9,440.1,447.6,425.5,100500.0,-0.50
437.8,437.9,440.2,431.3,56010.0,-0.02
419.9,437.8,440.8,414.4,93720.0,-4.09
422.7,419.9,425.2,410.4,66510.0,0.67
423.5,422.7,427.2,417.5,53540.0,0.18
427.3,423.5,427.6,419.1,53210.0,0.91
431.3,427.3,434.1,427.3,42790.0,0.93
432.5,431.3,435.6,421.2,50850.0,0.27
436.2,432.5,441.3,429.8,68770.0,0.86
434.0,436.2,439.0,428.5,67460.0,-0.50
425.4,434.0,435.9,423.9,57750.0,-2.00
419.6,425.4,425.8,414.9,78900.0,-1.36
409.5,419.6,423.4,407.2,75270.0,-2.40
399.0,409.5,410.1,386.9,129150.0,-2.56
406.0,399.0,412.0,393.1,62590.0,1.74
414.9,406.0,416.6,402.0,61770.0,2.19
411.9,414.9,416.7,408.4,53770.0,-0.72
412.8,411.9,414.9,408.9,50920.0,0.21
415.8,412.8,417.5,410.3,55740.0,0.74
419.1,415.8,422.4,415.1,60630.0,0.79
410.4,419.1,420.7,407.0,59640.0,-2.09
412.4,410.4,415.9,409.6,34980.0,0.50
414.3,412.4,416.1,411.2,49330.0,0.46
415.1,414.3,417.4,412.3,48600.0,0.20
415.9,415.1,417.0,413.3,44540.0,0.19
418.2,415.9,419.6,415.3,43820.0,0.54
408.2,418.2,418.6,402.5,66070.0,-2.39
408.7,408.2,410.5,402.1,37000.0,0.13
411.5,408.7,413.5,407.2,30540.0,0.69
411.1,411.5,413.1,407.3,43160.0,-0.10
416.2,411.1,417.9,410.8,49080.0,1.24
417.0,416.2,419.6,414.2,40610.0,0.19
414.7,417.0,417.7,412.9,38830.0,-0.54
415.7,414.7,417.3,412.4,34590.0,0.23
416.5,415.7,417.7,413.9,28060.0,0.19
424.6,416.5,427.4,415.5,61720.0,1.94
422.2,424.6,425.4,419.7,43450.0,-0.56
415.0,422.2,424.5,406.4,69110.0,-1.71
412.4,415.0,416.2,408.4,43280.0,-0.62
415.7,412.4,417.2,411.5,41840.0,0.78
415.6,415.7,416.9,412.8,38220.0,0.00
418.5,415.6,420.1,415.1,31310.0,0.69
419.1,418.5,420.2,417.0,22800.0,0.13
419.3,419.1,420.4,416.2,33440.0,0.06
422.1,419.3,423.7,418.0,40890.0,0.65
421.3,422.1,422.8,419.5,32670.0,-0.19
420.1,421.3,422.0,417.9,36060.0,-0.27
417.7,420.1,423.5,415.5,46950.0,-0.58
418.0,417.7,418.9,412.4,29430.0,0.09
420.3,418.0,421.6,416.7,23300.0,0.53
421.4,420.3,422.4,418.1,36390.0,0.28
424.7,421.4,426.7,420.7,57710.0,0.79
423.5,424.7,426.6,421.4,38090.0,-0.30
424.0,423.5,425.4,421.8,30660.0,0.13
428.7,424.0,429.5,423.3,54120.0,1.10
430.0,428.7,432.0,426.8,29020.0,0.32
426.3,430.0,430.6,423.8,25590.0,-0.88
427.7,426.3,429.1,424.4,32580.0,0.34
434.9,427.7,436.1,426.8,45680.0,1.69
441.2,434.9,442.9,432.5,74360.0,1.43
449.3,441.2,450.8,439.5,63130.0,1.85
445.3,449.3,450.2,441.9,49710.0,-0.90
450.1,445.3,451.5,443.1,42360.0,1.08
457.6,450.1,461.8,447.9,74430.0,1.66
461.7,457.6,466.2,451.8,81660.0,0.91
466.0,461.7,468.9,459.2,67560.0,0.92
447.0,466.0,467.9,444.6,90810.0,-4.08
448.5,447.0,450.1,433.9,81940.0,0.33
455.0,448.5,456.3,445.2,44850.0,1.45
448.5,455.0,456.9,446.6,35310.0,-1.42
452.2,448.5,454.2,447.5,21750.0,0.83
444.2,452.2,453.9,440.2,73850.0,-1.78
450.3,444.2,451.5,441.5,49750.0,1.37
445.8,450.3,450.9,444.2,39440.0,-0.99
448.1,445.8,449.2,444.4,41890.0,0.51
459.6,448.1,461.5,445.7,68430.0,2.56
458.5,459.6,460.6,454.6,30970.0,-0.24
457.9,458.5,460.2,454.9,27600.0,-0.13
460.4,457.9,464.2,455.4,48420.0,0.56
449.4,460.4,462.1,446.8,59990.0,-2.41
452.5,449.4,456.1,449.6,39970.0,0.70
454.4,452.5,455.3,448.4,49190.0,0.43
455.4,454.4,457.2,451.5,32390.0,0.22
456.4,455.4,457.7,453.6,20360.0,0.23
458.1,456.4,460.3,455.0,21200.0,0.37
454.9,458.1,459.6,450.7,36600.0,-0.71
453.3,454.9,456.3,451.7,34630.0,-0.36
454.2,453.3,456.6,452.4,32610.0,0.21
442.7,454.2,455.2,441.1,59390.0,-2.55
442.1,442.7,447.8,435.4,48430.0,-0.12
443.6,442.1,445.2,439.7,23000.0,0.35
439.6,443.6,444.2,436.9,28740.0,-0.91
443.7,439.6,445.0,438.2,35900.0,0.93
446.1,443.7,447.9,442.0,33220.0,0.55
449.8,446.1,451.2,445.4,37720.0,0.82
453.3,449.8,454.3,447.7,37720.0,0.78
474.0,453.3,479.2,452.7,135680.0,4.58
524.2,474.0,531.8,467.0,150170.0,10.58
516.0,524.2,548.0,493.2,152570.0,-1.56
532.3,516.0,544.2,512.8,77530.0,3.14
528.9,532.3,546.9,513.2,114080.0,-0.63
537.4,528.9,542.3,521.3,72410.0,1.60
537.1,537.4,541.5,530.5,52880.0,-0.06
567.0,537.1,573.7,534.3,106250.0,5.57
572.0,567.0,592.7,560.9,87410.0,0.87
574.9,572.0,583.6,567.8,64519.99999999999,0.52
583.6,574.9,586.7,571.7,63680.0,1.51
575.6,583.6,591.3,543.6,84690.0,-1.37
580.5,575.6,582.4,567.8,49600.0,0.86
574.7,580.5,580.7,569.3,48610.0,-1.00
577.9,574.7,579.3,571.1,45500.0,0.56
591.6,577.9,592.6,576.3,42220.0,2.37
666.5,591.6,683.8,592.8,217380.0,12.67
700.1,666.5,718.2,652.8,216730.0,5.03
685.1,700.1,702.5,654.7,135650.0,-2.13
690.8,685.1,695.1,670.5,78620.0,0.82
761.2,690.8,769.7,687.4,229570.0,10.20
743.9,761.2,771.9,704.2,215870.0,-2.27
753.8,743.9,776.0,727.1,120530.0,1.33
761.0,753.8,765.1,740.4,60450.0,0.96
734.0,761.0,764.6,717.4,112290.0,-3.56
667.4,734.0,732.2,626.0,248080.0,-9.07
590.6,667.4,677.8,586.6,202320.0,-11.51
620.8,590.6,629.5,539.3,261740.0,5.13
656.9,620.8,687.4,616.4,196690.0,5.81
663.5,656.9,688.1,640.8,100460.0,1.01
625.4,663.5,665.2,609.9,88930.0,-5.74
644.7,625.4,650.3,615.2,99810.0,3.08
644.9,644.7,659.3,634.3,76660.0,0.04
636.5,644.9,645.9,621.8,80220.0,-1.29
670.0,636.5,673.0,631.2,88200.0,5.26
674.6,670.0,685.1,661.1,92230.0,0.68
698.1,674.6,700.5,671.5,67380.0,3.48
661.6,698.1,701.5,644.6,99270.0,-5.22
675.2,661.6,679.0,644.0,63910.0,2.04
663.7,675.2,679.2,657.3,54640.0,-1.70
672.7,663.7,678.4,662.2,47050.0,1.36
635.3,672.7,676.2,605.0,153610.0,-5.57
662.8,635.3,663.4,630.2,75890.0,4.33
651.8,662.8,663.5,620.7,96010.0,-1.65
647.1,651.8,652.0,636.8,29260.0,-0.72
646.7,647.1,657.5,640.0,45940.0,-0.06
670.6,646.7,673.2,644.6,66590.0,3.69
661.2,670.6,672.0,656.0,62960.0,-1.40
657.3,661.2,661.9,646.3,48200.0,-0.59
664.2,657.3,667.5,656.5,35830.0,1.06
660.7,664.2,665.4,655.7,20390.0,-0.53
676.3,660.7,680.9,660.1,46840.0,2.37
670.4,676.3,680.4,664.6,42580.0,-0.88
671.1,670.4,673.2,663.6,30400.0,0.11
664.4,671.1,672.3,659.5,37560.0,-1.00
664.6,664.4,666.5,657.8,32170.0,0.03
651.1,664.6,669.4,645.7,65900.0,-2.03
655.2,651.1,658.2,648.0,29890.0,0.62
659.3,655.2,664.2,651.0,29820.0,0.63
654.0,659.3,662.5,651.1,34380.0,-0.80
654.4,654.0,657.8,643.5,49390.0,0.06
654.5,654.4,659.1,646.0,29890.0,0.02
654.1,654.5,658.0,650.8,28110.0,-0.06
655.4,654.1,657.4,651.0,27040.0,0.20
654.7,655.4,657.5,652.1,19350.0,-0.11
621.9,654.7,654.9,621.4,62890.0,-5.02
607.0,621.9,627.9,603.5,66660.0,-2.39
513.4,607.0,613.8,471.4,130910.0,-15.42
566.4,513.4,573.1,514.1,85930.0,10.32
576.2,566.4,584.9,559.5,44820.0,1.73
574.7,576.2,580.0,565.8,27890.0,-0.27
586.5,574.7,596.7,565.3,25380.0,2.05
590.8,586.5,596.0,580.9,26200.0,0.75
589.2,590.8,594.2,585.4,24880.0,-0.27
585.3,589.2,591.2,581.1,25970.0,-0.68
590.9,585.3,600.5,580.9,49570.0,0.97
587.8,590.9,599.2,585.4,39830.0,-0.52
587.1,587.8,591.1,582.2,25500.0,-0.12
584.6,587.1,590.1,582.8,19300.0,-0.43
569.1,584.6,585.8,559.9,33070.0,-2.66
567.0,569.1,575.0,559.3,33770.0,-0.37
580.2,567.0,583.4,563.4,37690.0,2.34
572.3,580.2,581.1,568.7,32759.999999999996,-1.35
573.4,572.3,579.5,570.8,30390.0,0.18
574.6,573.4,577.9,566.3,25530.0,0.20
582.6,574.6,583.5,572.3,23120.0,1.40
580.7,582.6,585.3,577.8,14160.0,-0.33
587.5,580.7,591.9,577.1,33560.0,1.17
583.6,587.5,589.9,578.6,32080.0,-0.67
579.7,583.6,584.5,576.8,28060.0,-0.67
578.0,579.7,580.7,570.8,32729.999999999996,-0.29
579.4,578.0,582.7,575.8,21170.0,0.24
570.3,579.4,580.4,567.3,18690.0,-1.56
575.0,570.3,576.3,569.2,12830.0,0.81
574.2,575.0,578.6,571.4,23860.0,-0.13
577.3,574.2,579.9,572.5,27480.0,0.54
573.9,577.3,578.3,571.7,24930.0,-0.60
572.0,573.9,705.0,569.4,25870.0,-0.33
575.3,572.0,577.6,569.3,26610.0,0.58
598.8,575.3,605.0,572.6,35700.0,4.09
609.5,598.8,615.2,590.8,30690.0,1.79
605.8,609.5,610.6,598.8,25290.0,-0.62
610.4,605.8,612.0,603.5,24330.0,0.77
613.2,610.4,616.5,606.2,30030.0,0.45
625.6,613.2,629.3,611.3,36330.0,2.02
623.2,625.6,627.6,617.3,28330.0,-0.39
624.5,623.2,627.5,621.1,15280.0,0.22
605.6,624.5,630.8,592.8,36540.0,-3.03
608.0,605.6,610.6,603.0,27950.0,0.39
608.6,608.0,612.0,604.9,27520.0,0.10
609.5,608.6,612.2,606.4,24240.0,0.15
608.1,609.5,610.7,605.1,22690.0,-0.23
607.8,608.1,610.4,605.2,21850.0,-0.05
607.1,607.8,609.6,604.5,15890.0,-0.12
610.7,607.1,612.4,605.2,16329.999999999998,0.60
609.8,610.7,612.4,607.0,21240.0,-0.14
609.2,609.8,611.3,605.9,22610.0,-0.10
597.2,609.2,608.8,591.7,36860.0,-1.98
595.6,597.2,599.8,592.8,22440.0,-0.26
602.9,595.6,603.7,594.1,25920.0,1.22
602.6,602.9,605.9,600.5,13470.0,-0.05
601.5,602.6,604.9,598.3,13280.0,-0.18
606.5,601.5,608.5,598.2,27510.0,0.84
605.5,606.5,609.0,601.7,25550.0,-0.18
604.7,605.5,606.9,602.6,18940.0,-0.13
604.7,604.7,607.2,602.0,25320.0,0.00
608.1,604.7,608.8,602.3,23950.0,0.57
613.4,608.1,615.0,607.1,16930.0,0.87
610.7,613.4,614.2,607.7,16540.0,-0.44
611.6,610.7,613.2,608.5,21950.0,0.15
609.0,611.6,612.7,606.5,24990.0,-0.43
611.8,609.0,613.7,608.0,23400.0,0.47
611.0,611.8,612.7,608.5,21630.0,-0.14
616.0,611.0,619.4,609.1,32729.999999999996,0.83
617.7,616.0,619.6,614.9,13620.0,0.26
615.8,617.7,618.3,613.0,13430.0,-0.30
617.3,615.8,618.8,612.8,25230.0,0.25
640.5,617.3,642.3,615.6,55770.0,3.75
636.0,640.5,642.5,632.2,26950.0,-0.70
635.6,636.0,639.5,632.3,25620.0,-0.06
637.9,635.6,640.5,630.7,31420.0,0.37
637.0,637.9,641.4,635.1,12380.0,-0.14
640.1,637.0,642.2,636.4,12890.0,0.49
637.4,640.1,641.3,634.9,27690.0,-0.43
635.3,637.4,639.3,632.2,24600.0,-0.32
629.1,635.3,637.3,624.1,35290.0,-0.99
628.3,629.1,630.8,625.5,20940.0,-0.11
630.5,628.3,633.3,627.6,28090.0,0.34
655.5,630.5,659.9,629.7,37100.0,3.97
653.0,655.5,661.2,648.8,21910.0,-0.37
650.5,653.0,654.3,645.7,33240.0,-0.39
651.0,650.5,662.5,647.7,36740.0,0.08
674.7,651.0,678.4,651.4,47670.0,3.64
682.3,674.7,687.9,672.3,46560.0,1.13
686.2,682.3,688.4,678.6,38970.0,0.58
715.0,686.2,720.2,685.2,54030.0,4.18
697.3,715.0,714.9,689.5,39330.0,-2.47
698.7,697.3,707.2,682.2,38050.0,0.20
726.8,698.7,734.4,695.2,68070.0,4.02
733.5,726.8,735.8,718.1,39040.0,0.93
684.9,733.5,744.4,670.4,96410.0,-6.63
702.1,684.9,706.6,681.3,48240.0,2.51
702.1,702.1,706.4,694.0,22020.0,0.00
709.9,702.1,714.1,697.6,25810.0,1.11
705.4,709.9,711.7,698.3,30740.0,-0.64
710.9,705.4,714.6,701.0,39730.0,0.78
721.4,710.9,741.2,707.1,70700.0,1.48
714.6,721.4,723.0,707.3,33330.0,-0.95
715.0,714.6,719.8,711.7,25580.0,0.06
704.3,715.0,717.4,701.1,27600.0,-1.50
702.0,704.3,705.6,685.0,36140.0,-0.33
704.6,702.0,708.0,696.1,37750.0,0.37
711.1,704.6,716.9,697.9,41400.0,0.93
740.3,711.1,746.0,708.1,79570.0,4.10
737.5,740.3,751.9,730.1,62770.0,-0.37
747.0,737.5,751.4,731.0,39710.0,1.28
747.9,747.0,755.3,737.4,25630.0,0.12
728.5,747.9,752.3,712.8,47420.0,-2.59
736.2,728.5,744.3,726.5,32509.999999999996,1.05
749.3,736.2,754.0,730.6,44440.0,1.79
741.1,749.3,750.9,731.3,37870.0,-1.10
735.3,741.1,744.2,726.2,37240.0,-0.78
740.4,735.3,741.3,729.0,28850.0,0.69
734.1,740.4,741.0,725.6,22580.0,-0.84
729.4,734.1,738.3,727.1,21350.0,-0.64
733.3,729.4,738.1,727.7,34120.0,0.53
732.6,733.3,737.0,727.8,32570.0,-0.10
742.5,732.6,745.4,730.6,39280.0,1.36
752.6,742.5,755.5,741.1,54030.0,1.37
770.9,752.6,779.0,752.3,63220.0,2.43
764.2,770.9,772.3,755.8,38450.0,-0.87
766.4,764.2,769.2,758.8,19160.0,0.28
754.3,766.4,769.2,746.0,51170.0,-1.57
758.2,754.3,762.5,750.9,33430.0,0.51
765.6,758.2,769.0,754.3,34870.0,0.97
768.5,765.6,773.4,761.2,28780.0,0.38
770.5,768.5,773.5,765.0,24180.0,0.26
774.0,770.5,777.0,769.2,18020.0,0.46
767.9,774.0,774.2,763.0,17140.0,-0.79
778.5,767.9,781.3,767.9,28760.0,1.38
778.7,778.5,790.3,767.8,33110.0,0.03
776.5,778.7,780.8,771.0,24780.0,-0.29
775.2,776.5,780.3,773.1,26220.0,-0.17
782.0,775.2,783.9,773.3,27610.0,0.88
787.2,782.0,791.6,779.4,23580.0,0.65
789.0,787.2,791.3,783.8,14530.0,0.23
789.8,789.0,793.7,786.3,25460.0,0.10
799.1,789.8,800.0,787.1,34480.0,1.18
829.2,799.1,833.1,796.0,65290.00000000001,3.77
860.2,829.2,874.7,828.9,70560.0,3.73
917.2,860.2,920.3,858.0,102220.0,6.63
891.1,917.2,920.5,880.8,46030.0,-2.85
891.1,891.1,895.2,851.4,42480.0,0.00
898.4,891.1,909.3,885.9,38790.0,0.82
925.8,898.4,937.9,893.4,49690.0,3.05
972.2,925.8,974.5,925.5,77290.0,5.01
971.1,972.2,982.6,949.2,61130.0,-0.11
959.0,971.1,971.6,927.4,70840.0,-1.24
963.4,959.0,965.5,942.4,27560.0,0.45
995.4,963.4,1001.6,956.1,41150.0,3.33
1017.0,995.4,1031.7,990.2,64950.0,2.17
1033.3,1017.0,1035.5,1006.5,54790.0,1.60
1135.4,1033.3,1148.5,1022.3,156270.0,9.88
989.3,1135.4,1150.6,874.5,240010.0,-12.86
886.2,989.3,1027.4,852.5,194290.0,-10.43
888.9,886.2,900.9,806.7,130660.0,0.31
900.9,888.9,936.1,875.8,76910.0,1.35
899.8,900.9,910.5,870.9,62580.0,-0.12
904.4,899.8,911.3,890.1,53710.0,0.51
785.4,904.4,917.7,751.6,194440.0,-13.15
810.1,785.4,828.2,739.5,120240.0,3.14
824.8,810.1,835.0,771.0,89860.0,1.82
819.6,824.8,838.9,808.3,44210.0,-0.63
821.2,819.6,826.4,808.6,24400.0,0.19
827.3,821.2,836.7,817.7,33220.0,0.75
899.7,827.3,906.4,825.0,82210.0,8.74
872.0,899.7,913.7,845.9,69260.0,-3.07
895.2,872.0,905.3,870.7,58440.0,2.66
892.9,895.2,901.5,878.9,38870.0,-0.26
919.8,892.9,928.9,889.5,40380.0,3.02
918.8,919.8,938.4,888.6,47930.0,-0.11
921.5,918.8,928.0,910.8,32740.000000000004,0.29
893.8,921.5,925.6,889.2,58870.0,-3.01
894.4,893.8,905.7,883.6,37900.0,0.07
915.6,894.4,919.3,893.5,33800.0,2.36
918.0,915.6,922.6,907.9,30970.0,0.27
918.5,918.0,921.9,912.8,14310.0,0.05
914.5,918.5,922.4,912.7,11050.0,-0.43
920.7,914.5,922.3,911.5,19060.0,0.68
965.5,920.7,967.5,917.4,54670.0,4.86
982.4,965.5,986.6,959.8,45220.0,1.75
1004.0,982.4,1009.1,973.5,50860.0,2.19
1013.0,1004.0,1023.7,989.2,61670.0,0.90
1031.8,1013.0,1041.0,1000.4,39460.0,1.86
1016.1,1031.8,1033.7,1004.0,31060.0,-1.53
1024.7,1016.1,1030.6,1010.8,32020.000000000004,0.84
1049.6,1024.7,1054.1,1019.9,39550.0,2.43
1055.5,1049.6,1069.2,1020.3,65150.00000000001,0.56
979.0,1055.5,1073.0,924.7,146750.0,-7.25
997.6,979.0,1005.6,947.0,62130.0,1.91
1008.3,997.6,1014.3,983.9,28320.0,1.07
996.5,1008.3,1007.8,992.5,14750.0,-1.17
995.4,996.5,1007.6,975.1,32910.0,-0.12
1008.3,995.4,1013.8,986.5,39540.0,1.30
1008.2,1008.3,1010.9,999.7,23360.0,-0.01
1031.9,1008.2,1040.3,1007.4,38080.0,2.35
1049.4,1031.9,1057.4,1025.9,45710.0,1.69
1052.3,1049.4,1063.2,1044.7,25360.0,0.27
1048.9,1052.3,1056.5,1037.7,17950.0,-0.32
1077.6,1048.9,1081.8,1041.0,31010.0,2.73
1119.0,1077.6,1123.0,1073.5,57050.0,3.85
1120.5,1119.0,1132.3,1094.8,47910.0,0.13
1171.9,1120.5,1181.6,1113.5,65740.0,4.59
1176.5,1171.9,1211.7,1092.4,108170.0,0.39
1149.1,1176.5,1180.0,1116.2,45860.0,-2.33
1171.6,1149.1,1177.5,1130.6,30770.0,1.96
1188.8,1171.6,1195.8,1164.3,35470.0,1.47
1189.3,1188.8,1208.2,1175.8,50580.0,0.04
1222.7,1189.3,1225.0,1154.6,51150.0,2.81
1255.5,1222.7,1287.0,1212.0,78490.0,2.68
1283.3,1255.5,1291.3,1250.8,67280.0,2.22
1264.3,1283.3,1285.8,1228.7,38420.0,-1.48
1271.2,1264.3,1273.3,1242.1,25430.0,0.55
1277.0,1271.2,1280.6,1261.0,31030.0,0.46
1232.7,1277.0,1280.9,1148.7,87720.0,-3.47
1147.0,1232.7,1242.0,1136.9,97880.0,-6.95
1191.3,1147.0,1207.0,1129.3,59860.0,3.87
1112.4,1191.3,1330.4,988.7,190470.0,-6.63
1179.2,1112.4,1202.7,1104.8,70750.0,6.01
1225.1,1179.2,1235.5,1160.9,44410.0,3.89
1238.2,1225.1,1245.6,1205.6,60460.0,1.07
1243.1,1238.2,1255.5,1218.4,45140.0,0.40
1253.4,1243.1,1256.9,1236.4,43590.0,0.83
1172.9,1253.4,1260.2,1119.0,132770.0,-6.43
1071.7,1172.9,1174.9,1063.5,163740.0,-8.63
971.4,1071.7,1103.6,940.2,210420.0,-9.36
1022.6,971.4,1063.7,967.3,106450.0,5.27
1047.5,1022.6,1057.5,1005.0,61430.0,2.44
1121.3,1047.5,1125.5,1043.9,92590.0,7.04
1044.7,1121.3,1121.9,997.8,115290.0,-6.83
1035.0,1044.7,1062.8,1022.0,56520.0,-0.93
939.7,1035.0,1038.4,927.3,132600.0,-9.21
966.3,939.7,996.0,890.4,127050.0,2.83
969.4,966.3,1004.3,946.7,85330.0,0.32
1045.1,969.4,1048.8,961.8,91260.0,7.81
1044.4,1045.1,1068.4,1015.5,80000.0,-0.07
1041.9,1044.4,1058.7,1008.3,68850.0,-0.24
1037.9,1041.9,1052.7,1020.9,74990.0,-0.38
1079.1,1037.9,1088.2,1035.2,90990.0,3.97
1086.1,1079.1,1103.7,1067.5,50660.0,0.65
1097.4,1086.1,1109.5,1074.2,70980.0,1.04
1147.6,1097.4,1157.9,1095.6,98500.0,4.57
1141.8,1147.6,1161.2,1122.2,71000.0,-0.50
1129.9,1141.8,1143.8,1110.1,69470.0,-1.04
1188.7,1129.9,1201.6,1130.5,92360.0,5.21
1190.5,1188.7,1201.2,1173.2,59750.0,0.15
1180.8,1190.5,1198.2,1166.7,33180.0,-0.82
1204.3,1180.8,1215.1,1174.0,45350.0,2.00
1206.7,1204.3,1214.9,1194.8,40010.0,0.20
1220.7,1206.7,1229.6,1195.8,37400.0,1.16
1212.5,1220.7,1225.5,1207.4,44780.0,-0.67
1176.2,1212.5,1218.7,1150.3,66050.0,-3.00
1177.3,1176.2,1195.4,1162.2,47220.0,0.10
1177.0,1177.3,1194.8,841.5,28390.0,-0.03
1176.8,1177.0,1188.0,1166.7,18930.0,-0.02
1194.0,1176.8,1203.0,1172.8,46480.0,1.46
1206.1,1194.0,1213.9,1191.1,52750.0,1.01
1215.2,1206.1,1218.2,1194.1,43350.0,0.76
1238.1,1215.2,1246.6,1210.7,55200.0,1.88
1249.6,1238.1,1257.0,1235.6,41340.0,0.93
1240.9,1249.6,1257.0,1215.8,43820.0,-0.70
1249.1,1240.9,1256.2,1223.1,42610.0,0.66
1248.2,1249.1,1256.4,1234.9,38540.0,-0.08
1264.3,1248.2,1272.6,1244.2,43890.0,1.29
1286.6,1264.3,1309.2,1263.0,58910.0,1.77
1332.9,1286.6,1346.8,1285.3,61770.0,3.60
1329.6,1332.9,1356.2,1287.6,77570.0,-0.25
1336.3,1329.6,1343.7,1314.2,40970.0,0.50
1351.9,1336.3,1358.9,1309.7,40640.0,1.17
1415.8,1351.9,1448.7,1342.8,100440.0,4.73
1445.9,1415.8,1471.1,1394.8,70010.0,2.13
1485.6,1445.9,1496.4,1424.1,81720.0,2.74
1516.8,1485.6,1609.8,1437.1,136710.0,2.10
1507.8,1516.8,1588.1,1485.0,120380.0,-0.59
1545.3,1507.8,1560.4,1503.9,59600.0,2.49
1554.4,1545.3,1572.9,1495.2,71360.0,0.59
1664.5,1554.4,1667.7,1552.9,107230.0,7.08
1697.5,1664.5,1757.4,1620.0,127230.0,1.98
1752.3,1697.5,1766.2,1665.0,89680.0,3.23
1819.3,1752.3,1864.8,1741.5,109010.0,3.82
1686.4,1819.3,1822.5,1641.2,109340.0,-7.31
1763.7,1686.4,1770.5,1594.6,75470.0,4.59
1772.6,1763.7,1802.8,1736.1,40640.0,0.50
1708.9,1772.6,1776.7,1656.8,80240.0,-3.59
1729.3,1708.9,1752.6,1653.7,75540.0,1.19
1801.3,1729.3,1842.8,1704.0,94620.0,4.16
1881.0,1801.3,1980.5,1791.1,73100.0,4.42
1962.0,1881.0,1969.7,1875.3,98760.0,4.31
2040.2,1962.0,2048.4,1944.4,89860.0,3.98
2044.2,2040.2,2094.9,1980.1,78780.0,0.20
2124.4,2044.2,2264.8,1998.6,174380.0,3.92
2272.6,2124.4,2286.3,2110.8,114180.0,6.97
2445.3,2272.6,2497.0,2263.3,149260.0,7.60
2307.2,2445.3,2781.8,2210.5,248440.0,-5.65
2244.9,2307.0,2616.5,2051.4,191490.0,-2.70
2052.4,2244.9,2322.4,1868.6,222950.0,-8.57
2189.0,2052.4,2300.5,2051.1,125000.0,6.66
2278.2,2189.0,2337.4,2117.3,92240.0,4.07
2192.6,2278.2,2329.3,2147.1,120960.0,-3.76
2303.3,2192.6,2330.6,2168.4,117750.0,5.05
2412.6,2303.3,2460.8,2303.3,122700.0,4.75
2492.6,2412.6,2494.0,2385.6,83030.0,3.31
2545.4,2492.6,2582.8,2449.9,70960.0,2.12
2524.1,2545.4,2559.8,2478.2,59480.0,-0.84
2705.0,2524.1,2705.4,2523.9,86690.0,7.17
2870.5,2705.0,2931.2,2699.7,192230.0,6.12
2691.5,2870.5,2880.9,2626.6,122680.0,-6.24
2798.8,2691.5,2808.4,2623.6,95420.0,3.99
2811.4,2798.8,2852.1,2786.1,67050.0,0.45
2900.3,2811.4,2914.2,2807.4,86520.0,3.16
2973.4,2900.3,2977.9,2867.3,83030.0,2.52
2656.8,2973.4,2985.1,2483.6,217960.0,-10.65
2713.0,2656.8,2784.8,2647.4,116740.0,2.12
2467.3,2713.0,2803.7,2349.0,174190.0,-9.06
2442.5,2467.3,2521.6,2125.6,262790.0,-1.01
2508.6,2442.5,2536.4,2335.3,117210.0,2.71
2655.1,2508.6,2690.7,2454.8,95950.0,5.84
2539.6,2655.1,2676.0,2488.6,92000.0,-4.35
2616.8,2539.6,2617.8,2518.8,81830.0,3.04
2754.4,2616.8,2800.5,2614.0,111300.0,5.26
2677.6,2754.4,2804.4,2624.4,116030.0,-2.79
2722.8,2677.6,2757.3,2623.2,78300.0,1.69
2710.4,2722.8,2759.7,2699.5,56940.0,-0.46
2590.1,2710.4,2741.6,2540.4,86960.0,-4.44
2541.6,2590.1,2660.7,2472.4,86970.0,-1.87
2446.1,2541.6,2584.8,2327.3,165830.0,-3.76
2583.8,2446.1,2585.1,2309.6,159260.0,5.63
2577.7,2583.8,2616.9,2490.1,110420.0,-0.23
2558.4,2577.7,2605.9,2526.5,75320.0,-0.75
2480.6,2558.4,2576.3,2469.5,73000.0,-3.04
2424.6,2480.6,2529.6,2387.5,66320.0,-2.26
2536.5,2424.6,2555.3,2375.9,67760.0,4.61
2572.5,2536.5,2617.5,2506.3,83420.0,1.42
2617.3,2572.5,2658.7,2570.0,80680.0,1.74
2627.9,2617.3,2642.7,2562.0,89720.0,0.40
2614.2,2627.9,2634.8,2581.8,60160.0,-0.52
2513.9,2614.2,2617.5,2484.7,90450.0,-3.84
2564.9,2513.9,2568.7,2480.6,54510.0,2.03
2511.4,2564.9,2576.7,2509.6,39160.0,-2.08
2344.0,2511.4,2530.3,2271.8,123800.0,-6.67
2324.3,2344.0,2412.8,2265.5,146630.0,-0.84
2403.1,2324.3,2424.8,2262.1,109520.0,3.39
2362.4,2403.1,2436.7,2335.0,88170.0,-1.69
2234.2,2362.4,2370.5,2165.4,114410.0,-5.43
1975.1,2234.2,2237.1,1974.0,155320.0,-11.60
1914.1,1975.1,2044.4,1809.0,189640.0,-3.09
2233.4,1914.1,2233.8,1913.8,176890.0,16.68
2320.2,2233.4,2400.7,2164.6,202620.0,3.89
2282.6,2320.2,2412.4,2243.1,154320.0,-1.62
2866.0,2282.6,2932.8,2282.1,310340.0,25.56
2675.1,2866.0,2874.0,2622.5,193760.0,-6.66
2836.5,2675.1,2876.7,2658.6,121920.0,6.04
2756.6,2836.5,2856.7,2675.6,108230.0,-2.82
2763.4,2756.6,2798.9,2715.7,83010.0,0.25
2582.6,2763.4,2779.1,2472.6,205880.0,-6.54
2559.2,2582.6,2631.7,2441.5,135500.0,-0.90
2691.9,2559.2,2712.9,2547.7,103830.0,5.18
2806.8,2691.9,2843.8,2683.6,138910.0,4.27
2733.5,2806.8,2812.1,2699.4,84490.0,-2.61
2766.5,2733.5,2773.1,2621.7,82720.0,1.21
2883.3,2766.5,2916.3,2723.1,91120.0,4.22
2747.0,2883.3,2946.0,2659.6,123170.0,-4.73
2720.5,2747.0,2773.8,2668.9,81820.0,-0.96
2810.0,2720.5,2822.9,2717.6,68100.0,3.29
2878.5,2810.0,2892.7,2779.5,68760.0,2.44
3262.8,2878.5,3344.0,2875.9,159400.0,13.35
3232.0,3262.8,3295.1,3166.5,60660.0,-0.94
3401.9,3232.0,3425.1,3198.5,88110.0,5.26
3429.4,3401.9,3494.9,3357.1,106940.0,0.81
3348.8,3429.4,3437.1,3251.0,97060.0,-2.35
3425.7,3348.8,3453.8,3322.9,71000.0,2.30
3654.4,3425.7,3706.5,3409.8,97560.0,6.68
3871.6,3654.4,3967.3,3611.4,123590.0,5.94
4062.6,3871.6,4189.4,3847.3,158590.0,4.93
4327.9,4062.6,4336.7,3978.9,128460.00000000001,6.53
4161.7,4327.9,4436.5,3837.1,211580.0,-3.84
4387.4,4161.7,4398.1,3938.6,112900.0,5.42
4278.9,4387.4,4487.5,4194.1,127480.0,-2.47
4105.4,4278.9,4362.7,3978.3,144400.0,-4.06
4150.5,4105.4,4189.7,3957.5,113720.0,1.10
4066.6,4150.5,4182.3,4034.4,70160.0,-2.02
4005.1,4066.6,4097.3,3966.9,90650.0,-1.51
4089.7,4005.1,4142.7,3612.2,169140.0,2.11
4141.1,4089.7,4255.6,4070.5,96650.0,1.26
4318.4,4141.1,4364.1,4111.7,72360.0,4.28
4364.4,4318.4,4461.7,4292.6,82900.0,1.07
4352.3,4364.4,4379.3,4263.3,46160.0,-0.28
4345.8,4352.3,4408.2,4321.1,42520.0,-0.15
4390.3,4345.8,4403.1,4195.2,75490.0,1.03
4597.3,4390.3,4647.8,4350.2,100800.0,4.71
4583.0,4597.3,4644.1,4491.8,68470.0,-0.31
4735.1,4583.0,4765.1,4580.1,72290.0,3.32
4921.9,4735.1,4925.2,4690.2,102010.0,3.94
4573.8,4921.9,4976.5,4448.6,160770.0,-7.07
4612.9,4573.8,4719.8,4397.7,102820.0,0.86
4267.5,4612.9,4621.0,4098.6,170400.0,-7.49
4409.1,4267.5,4496.7,4004.6,158410.0,3.32
4618.7,4409.1,4660.0,4401.5,110930.0,4.75
4635.6,4618.7,4690.5,4493.2,70530.0,0.37
4326.5,4635.6,4699.6,4130.9,180360.0,-6.67
4335.1,4326.5,4402.1,4185.3,77090.0,0.20
4245.9,4335.1,4338.1,4032.1,108080.0,-2.06
4217.9,4245.9,4364.4,4134.6,88760.0,-0.66
4158.9,4217.9,4387.8,4075.0,107040.0,-1.40
3870.3,4158.9,4174.6,3752.0,186540.0,-6.94
3243.1,3870.3,3930.7,3219.0,317590.0,-16.21
3713.8,3243.1,3824.4,2979.9,448550.0,14.51
3698.9,3713.8,3893.7,3551.8,169360.0,-0.40
3689.6,3698.9,3796.6,3485.8,96070.0,-0.25
4100.3,3689.6,4122.8,3689.0,147930.0,11.13
3908.0,4100.3,4120.7,3852.2,123220.0,-4.69
3882.2,3908.0,4053.0,3846.8,86650.0,-0.66
3617.3,3882.2,3912.8,3576.5,145130.0,-6.82
3600.8,3617.3,3753.5,3505.8,114720.0,-0.45
3788.0,3600.8,3813.4,3563.2,67820.0,5.20
3667.5,3788.0,3790.9,3633.9,49660.0,-3.18
3932.8,3667.5,3971.5,3665.7,100200.0,7.23
3892.7,3932.8,3982.3,3858.8,63250.0,-1.02
4212.2,3892.7,4232.4,3882.1,117600.0,8.21
4195.6,4212.2,4274.6,4112.9,92230.0,-0.39
4172.8,4195.6,4237.5,4030.4,97800.0,-0.54
4360.6,4172.8,4383.3,4164.3,67490.0,4.50
4403.1,4360.6,4412.6,4258.3,60580.0,0.97
4401.3,4403.1,4477.4,4364.7,71200.0,-0.04
4314.2,4401.3,4436.0,4230.7,81870.0,-1.98
4218.7,4314.2,4355.3,4183.6,64080.0,-2.21
4321.4,4218.7,4365.8,4143.4,63610.0,2.44
4371.9,4321.4,4422.1,4296.9,61690.0,1.17
4435.8,4371.9,4472.9,4319.5,40200.0,1.46
4611.7,4435.8,4622.9,4419.4,71370.0,3.97
4777.5,4611.7,4875.4,4556.1,110190.0,3.59
4763.4,4777.5,4930.0,4722.8,98490.0,-0.30
4824.2,4763.4,4874.9,4718.6,70480.0,1.28
5432.6,4824.2,5432.6,4815.0,163920.0,12.61
5637.3,5432.6,5852.8,5392.0,215020.0,3.77
5824.7,5637.3,5839.6,5568.9,76220.0,3.33
5688.1,5824.7,5862.7,5448.2,101640.0,-2.34
5759.3,5677.4,5795.3,5576.1,61360.0,1.25
5598.6,5759.3,5773.3,5521.1,65640.0,-2.79
5575.8,5598.6,5601.3,5114.9,122020.0,-0.41
5698.6,5576.7,5737.4,5517.6,83060.0,2.20
5993.1,5698.6,6075.3,5611.4,123860.0,5.17
6006.6,5993.1,6187.2,5874.5,112940.0,0.23
5982.9,6006.6,6070.6,5723.0,105030.0,-0.40
5903.6,5982.9,6049.0,5644.2,137140.0,-1.32
5513.1,5903.6,5904.6,5463.4,143740.0,-6.62
5734.0,5513.1,5748.0,5375.6,105840.0,4.01
5887.6,5734.0,5970.4,5689.9,93680.0,2.68
5764.6,5887.6,5997.8,5692.3,83930.0,-2.09
5726.6,5764.6,5871.0,5654.8,53230.0,-0.66
6147.5,5726.6,6295.4,5679.4,163060.0,7.35
6124.3,6147.7,6226.2,6019.0,78620.0,-0.38
6451.2,6124.3,6467.2,6090.8,101250.0,5.34
6737.8,6449.1,6738.7,6355.0,133190.0,4.44
7024.8,6737.8,7339.9,6737.8,238800.0,4.26
7152.1,7024.8,7445.6,6938.9,154890.0,1.81
7363.8,7147.0,7492.2,6957.8,106600.0,2.96
7389.5,7363.8,7599.4,7284.3,105730.0,0.35
6959.2,7389.5,7429.7,6934.7,159690.0,-5.82
7102.8,6959.3,7222.4,6957.8,101050.0,2.06
7444.4,7102.2,7869.1,7027.0,220220.0,4.81
7129.6,7444.4,7457.1,7040.8,126770.0,-4.23
6565.8,7129.6,7319.0,6406.0,222000.0,-7.91
6339.9,6565.8,6821.5,6197.9,135720.0,-3.44
5878.1,6339.9,6490.5,5493.6,269830.0,-7.28
6522.5,5878.1,6760.1,5828.3,178340.0,10.96
6597.1,6522.5,6728.6,6419.2,96500.0,1.14
7283.2,6597.1,7330.1,6596.9,131120.0,10.40
7853.7,7283.0,7964.6,7119.2,133940.0,7.83
7700.0,7853.7,8000.2,7534.7,117350.0,-1.96
7780.9,7700.0,7857.5,7458.9,74380.0,1.05
8042.6,7781.0,8100.9,7675.4,68620.0,3.36
8244.7,8042.6,8294.1,7947.3,75700.0,2.51
8100.0,8245.9,8368.4,7819.1,115450.0,-1.76
8234.5,8099.9,8304.4,8091.6,65810.0,1.66
8013.4,8234.5,8266.5,8012.4,68010.0,-2.69
8200.8,8013.4,8332.9,7900.2,73000.0,2.34
8754.7,8203.5,8762.0,8153.7,84670.0,6.75
9318.4,8754.6,9474.6,8746.6,85890.0,6.44
9733.2,9318.4,9733.6,9316.8,106900.0,4.45
9906.0,9732.6,9969.6,9638.2,87760.0,1.78
9837.9,9906.0,11417.8,8938.7,233330.0,-0.69
9946.8,9848.0,10689.1,9023.8,187010.0,1.11
10861.5,9947.1,10942.8,9420.9,131920.0,9.20
10912.7,10861.5,11175.2,10715.5,86830.0,0.47
11246.2,10912.7,11851.1,10578.4,122130.0,3.06
11623.9,11244.2,11624.6,10917.8,93170.0,3.36
11667.1,11624.4,11901.9,11486.1,89690.0,0.37
13749.6,11667.1,13843.2,11661.8,191580.0,17.85
16850.3,13750.1,16879.3,13401.6,297110.0,22.55
16047.6,16868.0,17294.8,13906.1,286760.0,-4.76
14843.4,16048.2,16313.2,13151.5,181980.0,-7.50
15059.6,14840.0,15783.2,13031.0,201620.0,1.46
16732.5,15060.5,17399.2,15024.6,159730.0,11.11
17083.9,16733.3,17560.7,16254.5,132850.0,2.10
16286.8,17083.9,17268.0,15669.9,155410.0,-4.67
16467.9,16286.8,16941.1,16023.6,107920.0,1.11
17604.8,16467.9,17987.0,16442.2,153650.0,6.90
19345.5,17594.1,19587.7,17318.5,112170.0,9.89
19065.7,19346.6,19870.6,18750.9,117410.0,-1.45
18972.3,19065.7,19221.1,18114.4,139250.0,-0.49
17523.7,18971.2,19022.0,16812.8,174540.0,-7.64
16462.0,17521.7,17813.6,15642.7,227680.0,-6.06
15632.1,16461.1,17301.8,14953.0,163740.0,-5.04
13665.0,15632.1,15823.7,10875.7,466980.0,-12.58
14396.5,13665.0,15493.2,13356.1,170170.0,5.35
13790.0,14396.6,14413.7,12166.5,182420.0,-4.21
13833.5,13790.0,14467.4,13010.7,107480.0,0.32
15756.6,13830.2,16094.7,13748.5,143140.0,13.90
15416.6,15757.0,16514.6,14534.7,138710.0,-2.16
14398.7,15416.3,15505.5,13466.1,170370.0,-6.60
14392.6,14398.5,15109.8,13951.1,118880.0,-0.04
12531.5,14392.1,14461.5,11962.1,182070.0,-12.93
13850.4,12532.4,14241.8,12359.4,111270.0,10.52
13444.9,13850.5,13921.5,12877.7,78430.0,-2.93
14754.1,13444.9,15306.1,12934.2,137730.0,9.74
15156.6,14754.1,15435.0,14579.7,106540.0,2.73
15180.1,15156.5,15408.7,14244.7,110970.0,0.15
16954.8,15180.1,17126.9,14832.4,141960.0,11.69
17172.3,16954.8,17252.8,16286.6,83930.0,1.28
16228.2,17174.5,17184.8,15791.1,79010.0,-5.50
14976.2,16228.3,16302.9,13902.3,142450.0,-7.71
14778.5,14976.2,15324.6,14613.4,71400.0,-1.32
15043.0,14778.5,15045.4,13613.1,87070.0,1.79
13535.4,15046.7,15109.1,13048.3,167810.0,-10.02
13886.7,13529.2,14176.4,13410.0,82370.0,2.60
14292.2,13896.0,14640.7,13888.2,61140.0,2.92
13695.2,14291.9,14446.1,13094.7,85120.0,-4.18
13697.5,13695.5,14396.6,13475.4,73270.0,0.02
11362.0,13704.4,13711.0,10050.7,317100.0,-17.05
11192.3,11357.7,11769.6,9271.3,361800.0,-1.49
11245.4,11202.0,12004.7,10660.2,242450.0,0.47
11580.2,11229.6,11973.2,10901.5,170740.0,2.98
12858.9,11579.2,13082.2,11567.3,143900.0,11.04
11594.9,12857.1,12860.2,11164.5,206960.0,-9.83
10864.8,11597.5,11970.9,10136.8,201730.0,-6.30
10903.2,10869.0,11438.0,10056.6,188370.0,0.35
11452.3,10899.4,11549.5,10584.5,136060.0,5.04
11203.0,11439.9,11740.9,10983.8,181810.0,-2.18
11118.1,11203.1,11655.3,10389.4,253910.0,-0.76
11467.5,11118.0,11621.7,10908.4,163490.0,3.14
11795.1,11471.2,12112.7,11433.3,154630.0,2.86
11244.8,11794.9,11888.1,11119.0,137420.0,-4.67
10166.0,11244.5,11277.2,9917.7,264720.0,-9.59
10265.4,10166.3,10397.7,9742.2,208470.0,0.98
9181.1,10266.2,10303.0,8789.2,358400.0,-10.56
8893.2,9179.8,9201.4,7915.8,519400.0,-3.14
9241.1,8894.4,9506.9,8249.3,248710.0,3.91
8222.2,9241.5,9382.1,7932.1,280940.0,-11.03
6938.5,8220.8,8383.2,6651.9,593890.0,-15.61
7701.2,6939.3,7896.2,5996.6,886880.0,10.99
7594.7,7693.8,8536.5,7196.6,445620.0,-1.38
8164.2,7595.1,8489.9,7595.1,296100.0,7.50
8699.8,8163.6,8735.6,7784.6,233940.0,6.56
8559.6,8697.3,9066.6,8172.2,263530.0,-1.61
8081.9,8559.7,8564.2,7843.7,236200.0,-5.58
8903.5,8083.6,8984.9,8083.6,238670.0,10.17
8539.2,8906.2,8942.7,8378.0,195870.0,-4.09
9476.3,8542.6,9500.0,8541.6,246880.0,10.97
10037.3,9475.6,10206.8,9348.5,291280.0,5.92
10178.7,10031.3,10294.3,9707.7,206440.0,1.41
11073.5,10177.3,11095.9,10070.9,224760.0,8.79
10398.8,11073.7,11271.6,10137.2,288910.0,-6.09
11169.4,10396.6,11250.5,10324.8,215200.0,7.41
11238.7,11169.7,11791.5,11119.9,267560.0,0.62
10473.0,11240.9,11289.7,10252.2,327140.0,-6.81
9841.7,10470.1,10930.2,9743.9,316630.0,-6.03
10170.4,9840.6,10419.1,9597.8,271500.0,3.34
9704.3,10163.8,10506.1,9394.5,239160.0,-4.58
9585.2,9703.1,9860.3,9330.1,196490.0,-1.23
10285.1,9590.9,10378.4,9410.3,235940.0,7.30
10594.4,10287.8,10867.2,10120.5,202580.0,3.01
10333.9,10584.4,11070.7,10303.4,215220.0,-2.46
10904.5,10335.1,11047.8,10248.7,188770.0,5.52
10827.7,10904.5,11167.0,10677.1,201690.0,-0.70
11402.3,10822.5,11420.7,9585.5,172200.0,5.31
11416.5,11402.8,11490.3,10878.4,156400.0,0.12
11330.6,11415.7,11506.9,11281.2,162110.0,-0.75
10675.1,11314.2,11316.4,10412.0,230650.0,-5.78
9902.9,10779.0,10899.0,9422.1,284540.0,-7.23
9300.0,9910.7,10109.0,9037.0,256260.0,-6.09
9217.0,9301.9,9420.5,8351.0,371460.0,-0.89
8762.0,9216.2,9500.0,8691.1,198730.0,-4.94
9529.6,8732.2,9719.6,8516.4,266590.0,8.76
9137.4,9535.8,9892.2,8804.1,257910.00000000003,-4.12
9154.9,9138.7,9482.0,8875.1,239460.0,0.19
8210.6,9154.9,9353.4,7958.5,305450.0,-10.32
8264.4,8210.2,8427.0,7691.7,326530.0,0.66
8289.2,8264.3,8604.8,7929.1,236130.0,0.30
7874.9,8198.0,8344.8,7760.2,208050.0,-5.00
8201.2,7873.2,8283.6,7323.3,348020.0,4.14
8616.8,8200.9,8698.3,8127.7,316960.0,5.07
8912.6,8614.1,9039.6,8326.8,253440.0,3.43
8905.9,8912.4,9173.4,8775.1,218190.0,-0.08
8726.2,8903.7,9096.2,8499.1,223010.0,-2.02
8916.8,8725.3,8917.0,8305.6,210110.0,2.18
8547.4,8917.3,9008.8,8523.6,177430.0,-4.14
8473.2,8549.1,8679.0,8392.2,149520.0,-0.87
8143.5,8474.0,8515.7,7865.9,247180.0,-3.89
7801.7,8146.5,8218.3,7760.6,223100.0,-4.20
7954.9,7803.0,8110.4,7754.5,167360.0,1.96
7129.2,7955.2,7980.7,6954.9,348750.0,-10.38
6853.7,7132.4,7288.1,6603.8,417310.0,-3.86
6938.2,6856.5,7221.5,6804.9,245300.0,1.23
6825.2,6939.1,7047.7,6460.1,257529.99999999997,-1.63
7068.4,6825.4,7121.3,6787.6,199310.0,3.56
7424.2,7067.2,7519.3,7032.9,230800.0,5.03
6808.9,7423.8,7432.9,6726.9,239510.0,-8.29
6782.0,6808.7,6918.2,6592.5,221700.0,-0.40
6624.3,6783.7,6859.7,6523.4,174900.0,-2.33
6905.7,6624.5,7071.9,6616.1,177100.0,4.25
7030.5,6905.9,7113.4,6903.9,132510.0,1.81
6781.9,7035.7,7192.5,6633.2,241190.0,-3.54
6854.8,6782.6,6899.5,6671.6,134230.0,1.08
6962.1,6855.6,6988.6,6818.4,142070.0,1.56
7926.6,6963.3,8009.6,6779.3,398300.0,13.85
7887.4,7926.9,8228.0,7756.6,296950.0,-0.49
8004.4,7891.1,8180.2,7839.3,164710.0,1.48
8363.6,8004.6,8411.5,8004.6,160260.0,4.49
8070.0,8362.2,8412.9,7908.5,197700.0,-3.51
7908.6,8070.0,8171.7,7852.8,162590.0,-2.00
8178.4,7908.5,8227.6,7895.3,163260.0,3.41
8290.8,8179.0,8303.7,8126.7,155080.0,1.37
8867.0,8292.3,8926.2,8224.5,225960.0,6.95
8923.1,8867.0,9027.7,8614.5,206010.0,0.63
8806.7,8923.6,9022.3,8766.5,161890.0,-1.30
8952.8,8809.3,9001.0,8785.3,147540.0,1.66
9645.3,8952.7,9734.8,8937.0,260790.00000000003,7.73
8873.1,9645.0,9753.1,8768.1,395670.0,-8.01
9287.0,8874.5,9303.6,8669.8,248390.0,4.67
8940.9,9282.8,9386.3,8920.2,184910.0,-3.73
9352.4,8940.8,9428.9,8895.5,199780.0,4.60
9415.1,9352.2,9565.1,9182.8,184720.0,0.67
9245.1,9415.8,9456.7,9135.4,156830.0,-1.80
9074.9,9245.1,9245.1,8851.0,173350.0,-1.84
9243.2,9076.8,9265.7,8991.9,137480.0,1.85
9749.7,9244.2,9809.4,9171.4,201180.0,5.48
9708.6,9747.6,9800.9,9549.0,161550.0,-0.42
9853.5,9709.5,9992.8,9691.3,158450.0,1.49
9656.4,9859.6,9957.7,9446.7,150950.0,-2.00
9431.6,9651.1,9675.6,9204.2,165080.0,-2.33
9196.4,9373.9,9404.4,9079.8,157450.0,-2.49
9319.1,9194.9,9377.9,8988.0,147890.0,1.33
9025.7,9319.2,9393.3,9013.4,152710.0,-3.15
8408.3,9026.0,9028.7,8359.6,270620.0,-6.84
8459.5,8409.6,8646.1,8184.1,210870.0,0.61
8693.5,8489.1,8758.4,8330.0,149800.0,2.77
8674.1,8693.4,8878.3,8305.1,212050.0,-0.22
8477.0,8674.0,8842.1,8436.5,179620.0,-2.27
8344.4,8477.0,8496.4,8120.1,188030.0,-1.56
8063.0,8344.6,8458.7,8022.3,154360.0,-3.37
8245.7,8064.4,8273.6,7939.8,150320.0,2.27
8245.1,8244.7,8389.1,8153.2,107890.0,-0.01
8529.0,8243.9,8580.4,8184.7,113760.0,3.44
8403.3,8529.5,8550.6,8375.5,115520.0,-1.47
8006.0,8403.8,8414.5,7979.3,137510.0,-4.73
7512.3,8005.7,8047.4,7467.6,237600.0,-6.17
7592.9,7512.3,7736.6,7293.4,211110.0,1.07
7477.7,7593.9,7653.4,7355.6,161820.0,-1.52
7361.3,7478.5,7619.3,7331.5,103070.0,-1.56
7366.7,7361.9,7411.8,7267.5,103290.0,0.07
7119.3,7367.3,7446.9,7090.6,152290.0,-3.36
7467.7,7119.3,7533.0,7069.8,186970.0,4.89
7400.1,7469.2,7565.2,7306.8,140370.0,-0.91
7502.6,7400.8,7611.9,7355.0,144520.0,1.39
7530.8,7502.5,7610.4,7375.8,135920.0,0.38
7646.6,7530.8,7694.5,7467.9,121180.0,1.54
7729.3,7646.6,7775.0,7611.3,116680.0,1.08
7504.3,7729.3,7759.9,7468.4,141010.0,-2.91
7631.5,7507.4,7672.6,7391.0,145230.0,1.69
7661.0,7631.5,7699.1,7504.4,130660.0,0.39
7697.8,7661.0,7754.7,7657.7,124000.0,0.48
7622.1,7697.9,7710.5,7556.9,112880.0,-0.98
7515.8,7622.1,7689.0,7493.3,97560.0,-1.40
6775.1,7515.8,7516.3,6668.1,275690.0,-9.85
6885.9,6775.2,6910.8,6657.2,174880.0,1.64
6558.2,6885.9,6887.2,6476.0,178260.0,-4.76
6312.3,6558.5,6624.6,6129.1,237480.0,-3.75
6647.1,6312.3,6711.5,6283.6,201540.0,5.30
6410.3,6647.3,6655.8,6395.7,143530.0,-3.56
6505.8,6410.0,6564.2,6358.0,108790.0,1.49
6460.3,6505.8,6593.0,6452.1,90670.0,-0.70
6719.8,6460.5,6794.5,6410.9,135700.0,4.02
6752.4,6719.8,6839.5,6681.5,120540.0,0.49
6765.4,6752.3,6812.7,6575.1,121480.0,0.19
6728.0,6765.8,6797.5,6695.1,99290.0,-0.55
6055.7,6728.2,6739.7,5955.0,278220.0,-9.99
6167.3,6055.2,6259.0,6032.8,142900.0,1.84
6154.6,6167.9,6248.3,5785.3,240600.0,-0.21
6256.6,6155.1,6331.2,6101.7,210690.0,1.66
6082.1,6256.9,6267.7,6060.0,176660.0,-2.79
6154.9,6081.1,6187.3,6025.4,133420.0,1.20
5883.5,6154.9,6178.4,5854.0,156050.0,-4.41
6213.3,5883.2,6284.9,5818.5,206960.0,5.61
6398.9,6213.4,6498.5,6204.0,189330.0,2.99
6366.8,6398.5,6445.1,6284.7,128509.99999999999,-0.50
6619.5,6349.1,6680.0,6275.0,179920.0,3.97
6513.5,6618.6,6676.6,6513.5,150190.0,-1.60
6598.4,6513.8,6774.5,6442.3,143040.0,1.30
6546.5,6598.0,6693.6,6466.1,166180.0,-0.79
6617.7,6546.5,6638.2,6458.3,132690.0,1.09
6765.5,6617.7,6805.9,6531.1,114570.0,2.23
6714.8,6765.4,6784.0,6694.3,267600.0,-0.75
6667.1,6715.1,6793.8,6637.7,289480.0,-0.71
6307.2,6668.4,6686.8,6291.5,315270.0,-5.40
6389.1,6307.2,6409.7,6296.6,243820.0,1.30
6250.6,6389.1,6389.4,6088.8,289240.0,-2.17
6230.2,6250.8,6333.8,6144.5,233220.0,-0.33
6254.8,6229.5,6313.5,6192.5,243710.0,0.40
6362.9,6254.8,6399.6,6238.5,180670.0,1.73
6729.9,6362.8,6749.2,6344.1,312120.0,5.77
7322.0,6729.8,7453.2,6666.0,337750.0,8.80
7383.6,7321.6,7581.2,7249.3,333320.0,0.84
7477.5,7383.9,7558.4,7288.8,247250.0,1.27
7339.4,7477.6,7683.6,7292.0,258850.00000000003,-1.85
7408.7,7339.3,7460.8,7223.5,160770.0,0.95
7412.3,7409.0,7575.3,7343.7,204160.0,0.05
7723.0,7412.4,7809.6,7379.2,272150.0,4.19
8407.0,7723.1,8479.8,7701.9,345320.0,8.86
8173.7,8404.9,8484.6,8062.1,269230.0,-2.78
7937.0,8173.9,8304.3,7861.0,235450.0,-2.90
8187.4,7936.9,8273.8,7808.3,243220.0,3.15
8234.1,8186.8,8234.1,8077.4,147140.0,0.57
8215.6,8231.5,8275.4,8113.3,155240.0,-0.22
8177.1,8214.7,8262.0,7874.4,242210.0,-0.47
7729.4,8176.4,8176.5,7649.8,266940.0,-5.48
7606.4,7728.5,7753.2,7449.2,237690.0,-1.59
7535.6,7606.4,7701.4,7470.6,216340.0,-0.93
7419.0,7535.6,7535.6,7293.5,226460.0,-1.55
7014.3,7418.9,7484.2,6949.7,222570.0,-5.46
7027.1,7014.0,7087.6,6887.9,177640.0,0.18
6943.6,7027.8,7143.6,6852.5,168870.0,-1.19
6724.9,6943.6,7149.7,6689.9,232480.0,-3.15
6283.6,6725.2,6725.2,6138.8,311540.0,-6.56
6538.8,6283.7,6620.2,6197.0,237660.0,4.06
6152.3,6539.5,6570.2,6043.4,298820.0,-5.91
6231.6,6152.8,6469.6,6009.8,247340.0,1.29
6313.0,6232.1,6453.0,6169.8,216330.0,1.31
6255.3,6313.0,6524.1,6159.6,234090.0,-0.91
6190.2,6255.3,6255.3,5898.3,3660000.0,-1.04
6256.9,6190.2,6592.8,6177.9,3740000.0,1.08
6306.7,6256.9,6470.9,6249.8,3500000.0,0.80
6581.7,6306.7,6581.7,6291.8,3200000.0,4.36
6379.1,6581.8,6626.4,6295.5,3150000.0,-3.08
6481.5,6379.1,6534.8,6316.0,2710000.0,1.61
6268.1,6474.2,6516.4,6255.9,3100000.0,-3.29
6482.2,6268.1,6484.1,6257.4,1460000.0,3.41
6359.6,6482.2,6840.8,6304.8,3630000.0,-1.89
6521.2,6359.9,6550.2,6359.2,2760000.0,2.54
6680.4,6521.2,6721.2,6472.8,3700000.0,2.44
6734.8,6680.6,6783.4,6655.3,3590000.0,0.81
6712.7,6734.9,6892.7,6573.1,3370000.0,-0.33
6897.6,6712.7,6902.9,6650.4,3260000.0,2.75
7074.6,6897.6,7129.7,6861.2,3790000.0,2.57
7029.1,7074.6,7121.4,6926.7,4110000.0000000005,-0.64
6993.7,7029.2,7050.2,6798.0,3740000.0,-0.50
7033.8,6993.7,7080.2,6698.0,4210000.0,0.57
7189.6,7032.4,7264.3,7020.4,3520000.0,2.21
7293.9,7189.6,7334.8,7117.3,3900000.0,1.45
7264.2,7289.8,7330.7,7182.8,3870000.0,-0.41
7377.5,7264.2,7409.9,7234.5,3920000.0,1.56
6706.8,7377.5,7407.5,6691.8,4550000.0,-9.09
6514.0,6706.8,6732.9,6337.8,4019999.9999999995,-2.87
6390.9,6514.1,6540.6,6316.2,3300000.0,-1.89
6184.3,6390.9,6484.3,6132.3,3460000.0,-3.23
6238.5,6184.3,6432.6,6148.8,2840000.0,0.88
6321.0,6238.5,6358.5,6237.3,3110000.0,1.32
6293.9,6320.7,6391.8,6189.6,3300000.0,-0.43
6338.0,6293.9,6353.5,6204.5,3040000.0,0.70
6482.9,6338.0,6867.3,6337.8,3530000.0,2.29
6483.7,6482.9,6579.4,6412.1,3200000.0,0.01
6519.0,6482.6,6562.9,6470.3,3160000.0,0.54
6500.2,6519.0,6520.8,6406.2,3340000.0,-0.29
6251.9,6500.2,6533.5,6215.9,3260000.0,-3.82
6342.0,6251.9,6388.8,6228.8,2820000.0,1.44
6390.4,6342.0,6478.7,6144.5,3540000.0,0.76
6489.2,6390.4,6537.5,6346.4,5180000.0,1.55
6766.7,6490.9,6780.5,6489.8,7730000.0,4.28
6729.6,6766.7,6833.3,6635.5,7310000.0,-0.55
6704.1,6729.6,6789.4,6666.4,7340000.0,-0.38
6584.1,6713.3,6728.1,6559.1,7570000.0,-1.79
6445.1,6590.6,6590.6,5977.0,7340000.0,-2.11
6468.1,6443.0,6551.9,6384.1,8640000.0,0.36
6689.2,6463.7,6738.3,6428.8,9340000.0,3.42
6636.0,6685.7,6809.2,6538.6,9570000.0,-0.79
6603.9,6633.9,6648.4,6464.4,9420000.0,-0.48
6635.2,6603.9,6673.9,6533.5,9340000.0,0.47
6608.2,6635.2,6674.7,6072.7,9190000.0,-0.41
6549.9,6608.2,6645.7,6034.9,9340000.0,-0.88
6507.8,6549.9,6563.5,6429.6,9210000.0,-0.64
6584.2,6509.2,6653.0,6487.8,9310000.0,1.17
6639.1,6584.2,6682.3,6537.6,9340000.0,0.83
6596.3,6639.1,6661.5,6550.4,9180000.0,-0.65
6611.0,6596.3,6633.9,6523.8,77060.0,0.22
6669.6,6611.0,6699.5,6589.9,119680.0,0.89
6650.8,6669.6,6678.9,6613.3,80790.0,-0.28
6618.0,6650.6,6653.5,6526.0,101930.0,-0.49
6239.1,6618.0,6622.5,6206.2,245280.0,-5.72
6291.3,6239.2,6344.8,6206.8,147400.0,0.84
6321.7,6291.3,6329.3,6282.8,94450.0,0.48
6326.8,6321.6,6390.9,6300.0,99380.0,0.08
6699.8,6326.8,7358.4,6300.2,443330.0,5.90
6705.3,6712.4,6836.7,6645.4,155850.0,0.08
6686.6,6718.9,6745.9,6637.8,136710.0,-0.28
6574.1,6690.1,6736.3,6530.6,134150.0,-1.68
6512.0,6576.4,6603.2,6506.9,121440.0,-0.94
6572.2,6511.7,6593.7,6495.9,97770.0,0.92
6583.0,6575.9,6643.1,6568.0,92940.0,0.16
6555.8,6583.0,6612.7,6529.5,101570.0,-0.41
6528.7,6558.6,6573.6,6500.5,108860.0,-0.41
6530.7,6531.2,6593.8,6522.6,98740.0,0.03
6507.0,6532.5,6544.8,6491.5,97430.0,-0.36
6510.0,6507.0,6570.5,6498.5,97170.0,0.05
6494.2,6510.0,6534.0,6473.7,76720.0,-0.24
6486.1,6494.6,6502.2,6461.2,93970.0,-0.12
6335.0,6486.1,6498.4,6310.5,160520.0,-2.33
6325.7,6336.7,6469.9,6316.5,128210.00000000001,-0.15
6365.9,6327.9,6405.7,6257.8,129060.0,0.64
6400.5,6365.9,6421.8,6354.2,124160.0,0.54
6424.7,6400.5,6444.3,6390.9,135870.0,0.38
6386.2,6424.5,6429.5,6346.2,112840.0,-0.60
6478.2,6386.2,6508.9,6359.7,128759.99999999999,1.44
6459.7,6478.2,6489.2,6431.7,128509.99999999999,-0.29
6502.8,6460.4,6509.6,6441.6,154870.0,0.67
6565.3,6503.1,6594.3,6502.0,170760.0,0.96
6474.0,6565.3,6577.3,6466.3,159300.0,-1.39
6412.0,6473.8,6496.1,6390.0,151600.0,-0.96
6427.1,6411.9,6461.7,6411.7,115870.0,0.24
6446.1,6427.1,6451.7,6359.0,127400.0,0.30
6435.0,6445.0,6475.9,6409.4,130160.0,-0.17
6429.2,6435.0,6466.8,6386.7,137600.0,-0.09
5842.4,6428.9,6453.3,5619.2,438210.0,-9.13
5718.9,5854.0,5878.5,5384.1,375860.0,-2.11
5636.2,5723.5,5747.7,5539.7,224120.0,-1.45
5621.8,5636.2,5645.5,5561.4,156510.0,-0.26
5658.3,5621.0,5727.9,5615.5,158680.0,0.65
4883.8,5660.4,5662.5,4831.1,478260.0,-13.69
4524.6,4883.6,5013.4,4272.3,714080.0,-7.36
4638.7,4523.0,4743.7,4393.0,412740.0,2.52
4356.0,4646.4,4695.7,4346.7,261850.00000000003,-6.09
4398.0,4360.9,4455.6,4223.7,348990.0,0.96
3920.4,4397.3,4494.6,3821.5,382720.0,-10.86
4062.2,3920.3,4198.4,3634.2,619950.0,3.62
3837.0,4061.0,4179.0,3679.8,571040.0,-5.54
3866.5,3840.3,3920.6,3687.8,457270.0,0.77
4265.4,3866.4,4391.8,3866.4,533040.0,10.32
4296.5,4265.5,4440.1,4140.6,414460.0,0.73
4039.7,4296.8,4340.6,3954.5,444520.0,-5.98
4196.2,4038.7,4299.1,3967.1,316300.0,3.87
4160.4,4196.2,4316.1,4105.3,298630.0,-0.85
3897.8,4160.3,4177.0,3839.9,355100.0,-6.31
3958.5,3899.9,4082.9,3809.3,326710.0,1.56
3771.6,3958.1,3974.1,3765.2,341600.0,-4.72
3508.6,3771.4,3887.2,3505.7,467540.0,-6.97
3422.2,3508.9,3626.6,3251.8,639330.0,-2.46
3430.4,3422.3,3507.7,3302.9,424400.0,0.24
3567.5,3430.3,3677.6,3424.2,327930.0,4.00
3460.5,3566.9,3622.4,3412.7,394490.0,-3.00
3407.7,3460.4,3485.9,3349.9,418530.0,-1.53
3466.1,3390.2,3510.2,3379.4,391170.0,1.72
3315.3,3466.2,3474.4,3284.8,435890.0,-4.35
3247.8,3315.4,3336.6,3199.1,445560.0,-2.04
3228.7,3247.8,3282.3,3177.0,332950.0,-0.59
3247.9,3228.6,3305.0,3225.9,335690.0,0.60
3526.1,3248.3,3597.4,3243.1,534780.0,8.57
3668.0,3526.0,3683.1,3456.9,698530.0,4.02
3687.1,3668.1,3924.7,3647.5,792400.0,0.52
4076.0,3687.2,4140.3,3665.8,958580.0,10.55
3850.9,4075.2,4153.1,3786.9,748760.0,-5.52
3964.4,3850.9,3977.2,3803.7,554590.0,2.95
3944.4,3964.3,4037.1,3904.6,572210.0,-0.50
4026.1,3944.5,4208.2,3941.9,716290.0,2.07
3762.5,4025.6,4030.7,3676.5,670940.0,-6.55
3793.7,3762.8,3841.9,3680.3,567110.0,0.83
3586.9,3793.4,3822.6,3560.8,543440.0,-5.45
3861.6,3587.1,3900.3,3565.5,565240.0,7.66
3706.8,3861.6,3899.6,3696.0,505410.0,-4.01
3815.0,3708.2,3837.7,3682.5,519169.99999999994,2.92
3709.4,3815.1,3819.6,3658.8,545830.0,-2.77
3809.4,3709.5,3814.3,3664.4,469110.0,2.69
3873.8,3809.7,3894.8,3768.1,554470.0,1.69
3780.1,3874.1,3875.8,3753.0,450320.0,-2.42
3802.7,3780.5,3823.9,3720.0,488700.0,0.60
3785.4,3802.8,3846.7,3769.0,468450.0,-0.46
4004.1,3785.7,4034.1,3758.5,529890.0,5.78
3985.9,4004.3,4028.0,3945.5,500880.0,-0.45
3971.0,3985.8,4070.5,3943.1,514080.00000000006,-0.37
3978.0,3971.0,4014.2,3957.5,473420.0,0.17
3603.7,3978.9,4007.7,3562.1,697310.0,-9.41
3616.5,3603.3,3655.7,3563.1,551640.0,0.35
3597.2,3616.6,3633.9,3561.3,435060.0,-0.53
3490.2,3597.3,3617.6,3473.2,452790.0,-2.98
3638.1,3490.4,3672.0,3490.4,539930.0,4.24
3571.3,3637.5,3660.8,3545.7,544850.0,-1.84
3588.0,3570.6,3644.1,3561.4,487340.0,0.47
3626.4,3588.1,3636.7,3554.8,525100.0,1.07
3605.6,3626.3,3627.9,3575.7,488160.0,-0.57
3677.8,3605.8,3715.2,3604.1,537060.0,2.00
3542.3,3676.2,3699.1,3503.9,563310.0,-3.68
3536.7,3542.7,3561.4,3505.4,394170.0,-0.16
3580.1,3536.9,3607.9,3465.2,447700.0,1.23
3561.5,3580.1,3608.3,3532.8,445870.0,-0.52
3574.3,3561.4,3587.0,3539.7,428600.0,0.36
3572.0,3574.3,3582.6,3542.2,448890.0,-0.06
3570.9,3572.0,3652.5,3556.1,432550.0,-0.03
3555.6,3570.9,3583.2,3509.2,464020.0,-0.43
3442.8,3555.8,3561.2,3395.7,620850.0,-3.17
3414.8,3442.8,3450.1,3368.2,585460.0,-0.81
3460.0,3414.6,3479.0,3394.2,600250.0,1.32
3437.2,3460.0,3484.7,3427.0,477070.0,-0.66
3467.9,3437.7,3485.7,3415.3,481580.0,0.90
3502.5,3467.9,3514.5,3447.8,443600.0,1.00
3459.1,3502.3,3507.8,3431.3,451660.0,-1.24
3462.8,3459.0,3479.7,3437.1,503920.0,0.11
3468.4,3463.0,3485.9,3450.3,460950.0,0.16
3404.3,3468.5,3478.0,3383.9,514210.00000000006,-1.85
3397.7,3404.9,3421.8,3390.3,471360.0,-0.20
3661.7,3397.3,3721.1,3382.5,699230.0,7.77
3661.4,3661.6,3675.3,3633.2,454800.0,-0.01
3679.0,3661.0,3680.6,3617.1,501900.0,0.48
3631.8,3678.8,3681.1,3623.8,517280.0,-1.28
3632.0,3631.8,3656.4,3594.4,545820.0,0.01
3611.5,3632.0,3663.5,3599.2,558020.0,-0.56
3592.6,3611.5,3624.5,3580.2,498140.0,-0.52
3604.7,3592.6,3648.3,3581.4,516210.00000000006,0.34
3616.8,3604.7,3641.9,3599.7,485630.0,0.34
3664.2,3616.8,3689.9,3607.9,580510.0,1.31
3896.0,3664.2,3903.7,3655.1,933150.0,6.33
3914.3,3896.4,3993.8,3863.7,1440000.0,0.47
3972.4,3914.3,3983.6,3881.2,698010.0,1.48
3936.6,3972.0,4011.5,3909.2,668160.0,-0.90
3965.2,3937.4,3983.1,3931.7,649550.0,0.73
4120.4,3965.2,4152.6,3939.4,727850.0,3.91
3755.2,4120.5,4194.2,3738.7,977780.0,-8.86
3833.7,3755.7,3870.7,3753.8,765870.0,2.09
3810.3,3833.5,3845.5,3775.0,2089999.9999999998,-0.61
3814.6,3810.3,3836.4,3701.9,2820000.0,0.11
3816.6,3814.6,3883.7,3783.3,2310000.0,0.05
3821.9,3816.7,3855.8,3816.4,1740000.0,0.14
3823.1,3821.9,3843.2,3783.6,1610000.0,0.03
3809.5,3823.2,3836.6,3789.7,1510000.0,-0.36
3715.9,3809.7,3828.4,3681.8,2850000.0,-2.45
3857.2,3715.9,3873.2,3705.7,3820000.0,3.80
3863.0,3857.2,3887.3,3816.7,2520000.0,0.15
3875.1,3863.1,3907.4,3847.9,2600000.0,0.32
3865.9,3875.1,3929.0,3810.7,2960000.0,-0.24
3944.3,3865.6,3964.0,3859.7,2480000.0,2.03
3915.2,3944.4,3944.5,3889.2,1890000.0,-0.74
3870.3,3915.2,3935.5,3842.4,3190000.0,-1.15
3886.0,3870.3,3900.1,3817.1,2900000.0,0.41
3865.1,3885.9,3894.7,3847.4,2280000.0,-0.54
3879.0,3865.1,3914.7,3828.4,2860000.0,0.36
3924.3,3879.0,3935.7,3874.8,3110000.0,1.17
4006.4,3924.4,4050.6,3923.7,3460000.0,2.09
3981.5,4006.4,4009.8,3956.3,1870000.0,-0.62
3990.2,3981.5,4032.3,3958.5,2620000.0,0.22
4017.0,3990.2,4029.9,3972.4,2990000.0,0.67
4041.2,4017.0,4050.0,3985.3,3180000.0,0.60
3982.2,4041.2,4064.0,3923.8,3880000.0,-1.46
3990.4,3982.2,4005.7,3971.8,2830000.0,0.21
4002.5,3990.4,4018.2,3980.8,2000000.0,0.30
3994.7,4002.6,4005.7,3967.0,2040000.0,-0.20
3937.0,3994.8,4000.5,3897.9,2860000.0,-1.44
3942.8,3937.1,3950.7,3899.9,2530000.0,0.15
4041.7,3942.8,4043.3,3936.2,2780000.0,2.51
4025.6,4041.7,4041.7,4008.4,2110000.0,-0.40
4102.2,4025.7,4123.1,4022.6,3300000.0,1.90
4111.8,4103.7,4138.1,4057.1,2550000.0,0.23
4102.3,4111.8,4121.9,4082.2,2430000.0,-0.23
4145.1,4102.3,4159.1,4076.8,3220000.0,1.04
4859.3,4145.1,4899.6,4143.5,14770000.0,17.23
4968.7,4859.3,5278.4,4814.0,13830000.0,2.25
4902.4,4968.7,5042.5,4789.2,1050000.0,-1.33
5010.2,4902.5,5029.4,4888.3,851720.0,2.20
5046.2,5010.0,5198.4,4947.9,952180.0,0.72
5173.6,5046.1,5219.5,5033.7,841270.0,2.53
5245.2,5173.5,5300.6,5060.5,928230.0,1.38
5158.4,5245.0,5245.9,5095.2,784620.0,-1.65
5307.8,5158.4,5404.1,5142.9,837510.0,2.89
5022.6,5307.7,5337.0,4948.0,943490.0,-5.37
5054.2,5022.7,5080.5,4889.2,779140.0,0.63
5051.8,5054.2,5093.4,5011.6,577160.0,-0.05
5134.8,5052.0,5153.5,5010.7,566380.0,1.64
5032.3,5135.1,5168.0,4964.2,688200.0,-2.00
5180.9,5031.4,5198.4,5014.4,631050.0,2.95
5208.3,5182.1,5230.9,5165.5,806520.0,0.53
5264.7,5208.3,5293.1,5205.0,727970.0,1.08
5241.0,5264.8,5282.4,5192.1,787090.0,-0.45
5290.2,5241.0,5327.0,5240.2,782320.0,0.94
5243.5,5290.2,5308.2,5189.8,811410.0,-0.88
5346.7,5248.2,5370.2,5170.2,920770.0,1.97
5511.6,5346.5,5594.4,5291.4,900000.0,3.08
5415.6,5511.2,5589.6,5346.8,994040.0,-1.74
5209.1,5415.6,5528.2,5137.4,955360.0,-3.81
5298.3,5209.2,5469.3,5159.3,1030000.0,1.71
5265.9,5298.2,5318.1,5225.4,833130.0,-0.61
5302.3,5265.7,5332.5,5234.4,681410.0,0.69
5235.0,5302.4,5322.9,5188.9,775820.0,-1.27
5320.8,5235.4,5336.6,5195.9,697420.0,1.64
5384.2,5321.1,5396.3,5319.5,623640.0,1.19
5493.8,5384.6,5530.8,5370.0,722230.0,2.04
5766.8,5493.6,5844.2,5478.7,1040000.0,4.97
5830.9,5768.0,5899.2,5605.0,920610.0,1.11
5774.9,5830.8,5838.2,5708.2,709020.0,-0.96
5745.1,5775.1,5801.4,5630.5,755390.0,-0.52
5849.5,5745.5,6019.8,5745.5,955880.0,1.82
5990.3,5849.4,6011.3,5799.1,757130.0,2.41
6191.5,5990.5,6206.0,5990.0,799960.0,3.36
6386.0,6194.3,6466.6,6157.8,907940.0,3.14
7190.3,6386.6,7373.8,6386.5,1310000.0,12.59
6984.8,7190.0,7518.9,6802.6,1350000.0,-2.86
7806.0,6984.7,8058.3,6893.1,1200000.0,11.76
7994.6,7806.4,8323.9,7674.0,1330000.0,2.42
8164.6,7994.8,8225.3,7856.5,1130000.0,2.13
7871.8,8164.8,8293.3,7720.4,1180000.0,-3.59
7359.5,7871.9,7924.0,6998.6,1430000.0,-6.51
7262.6,7359.9,7458.5,7189.4,865530.0,-1.32
8157.2,7261.9,8253.4,7252.3,1080000.0,12.32
7965.3,8156.4,8156.4,7604.0,958810.0,-2.35
7930.3,7965.0,8056.8,7813.2,804880.0,-0.44
7635.7,7928.7,7999.0,7545.9,821400.0,-3.72
7852.1,7637.2,7939.1,7486.8,815140.0,2.83
7970.1,7852.8,8124.1,7775.4,868470.0,1.50
8027.4,7971.4,8090.1,7919.1,691270.0,0.72
8630.2,8029.6,8718.6,7866.5,872120.0,7.51
8760.1,8628.9,8902.8,8607.3,907960.0,1.51
8716.3,8759.4,8794.1,8568.8,763200.0,-0.50
8647.8,8715.6,8747.2,8435.3,15430000.0,-0.79
8271.9,8647.8,9045.9,8054.7,1040000.0,-4.35
8558.3,8271.4,8578.8,8135.0,858410.0,3.46
8545.7,8556.9,8615.8,8454.0,686750.0,-0.15
8728.6,8545.8,8807.7,8534.8,614540.0,2.14
8124.8,8728.6,8734.9,8102.7,739450.0,-6.92
7685.5,8118.1,8118.1,7494.0,966950.0,-5.41
7779.1,7685.6,7885.0,7590.4,762940.0,1.22
7784.9,7779.6,7861.4,7480.4,651820.0,0.08
7985.2,7785.8,8099.4,7749.4,588870.0,2.57
7901.4,7985.3,8044.4,7770.5,485810.0,-1.05
7635.0,7901.6,7937.5,7516.9,554480.0,-3.37
7987.8,7635.0,8012.8,7523.6,641380.0,4.62
7888.0,7987.8,8010.4,7714.5,579000.0,-1.25
8133.1,7888.0,8198.1,7805.8,607890.0,3.11
8219.0,8132.4,8306.1,8028.6,574210.0,1.06
8656.1,8218.6,8685.3,8153.2,643170.0,5.32
8812.5,8655.8,8856.7,8582.3,608690.0,1.81
8962.5,8812.2,9332.0,8771.1,849770.0,1.70
9318.8,8961.0,9438.1,8959.8,738800.0,3.98
9080.6,9318.9,9336.1,8962.7,723170.0,-2.56
9255.4,9080.7,9295.1,9044.0,587570.0,1.93
9517.0,9255.0,9583.9,9188.4,693620.0,2.83
10179.3,9517.7,10184.3,9517.4,769120.0,6.96
10721.7,10178.1,11160.5,10031.3,1090000.0,5.33
10897.1,10721.5,11361.3,10557.8,683790.0,1.64
11046.4,10897.3,11114.4,10622.6,566960.0,1.37
11809.9,11046.6,11833.9,11033.7,781090.0,6.91
13063.8,11811.6,13929.8,11747.3,1480000.0,10.62
11287.8,13062.4,13422.0,10493.5,1590000.0,-13.59
12409.1,11288.4,12461.8,10970.5,1090000.0,9.93
11906.5,12408.0,12422.9,11490.8,834620.0,-4.05
10818.6,11906.0,12179.3,10765.4,880770.0,-9.14
10616.6,10821.4,11254.5,10041.6,1040000.0,-1.87
10835.9,10615.5,10923.5,9728.5,1120000.0,2.07
11900.8,10835.9,11931.8,10835.9,998730.0,9.83
11163.1,11899.3,11948.0,11087.1,840340.0,-6.20
10970.2,11159.7,11381.8,10810.3,772670.0,-1.73
11268.0,10969.8,11650.2,10967.9,688960.0,2.71
11415.9,11267.9,11524.6,11108.1,601930.0,1.31
12252.6,11415.8,12332.3,11304.8,695600.0,7.33
12541.5,12250.6,12772.9,12111.2,847840.0,2.36
12110.6,12542.8,13134.4,11594.9,1110000.0,-3.44
11342.3,12111.6,12111.6,11029.0,943130.0,-6.34
11762.1,11343.7,11881.4,11109.8,738170.0,3.70
11364.9,11762.8,11798.4,10839.4,747710.0,-3.38
10200.1,11364.3,11448.7,10128.9,840760.0,-10.25
10845.9,10199.9,11064.7,9885.4,956520.0,6.33
9424.8,10844.0,11019.5,9375.3,1050000.0,-13.10
9723.2,9425.1,9983.6,9082.6,1030000.0,3.17
10651.4,9723.1,10787.1,9390.0,974490.0,9.55
10571.5,10651.6,10758.4,10160.7,727790.0,-0.75
10826.7,10571.9,11155.6,10462.0,668940.0,2.41
10714.4,10827.0,10883.8,10442.5,562170.0,-1.04
10412.5,10715.1,10806.3,10196.5,591270.0,-2.82
9888.7,10412.8,10414.7,9865.4,663380.0,-5.03
9804.3,9887.2,9945.3,9584.0,639540.0,-0.85
9945.3,9804.7,10203.5,9776.6,545850.0,1.44
9831.0,9945.2,10436.1,9724.2,493750.0,-1.15
9492.1,9830.4,10232.3,9389.1,661890.0,-3.45
9727.8,9491.1,9798.5,9401.1,518590.00000000006,2.48
9580.9,9728.5,9835.4,9502.5,510900.0,-1.51
9580.7,9580.0,9703.0,9483.0,511510.0,-0.00
10082.0,9580.3,10100.0,9562.4,589840.0,5.23
10380.0,10081.9,10459.0,9890.6,608370.0,2.96
10520.1,10380.5,10664.8,10330.5,578290.0,1.35
10815.7,10519.9,10893.6,10504.5,508750.0,2.81
10934.6,10816.1,11017.7,10568.8,585710.0,1.10
11816.8,10934.8,11922.3,10934.8,769630.0,8.07
11480.9,11817.6,12291.9,11237.0,807580.0,-2.84
12013.9,11481.0,12114.5,11406.4,702850.0,4.64
12191.6,12015.9,12236.6,11727.0,592150.0,1.48
12089.8,12190.0,12225.3,11885.0,558720.0,-0.84
11314.5,12090.5,12185.0,11281.6,570740.0,-6.41
11517.2,11314.6,11728.4,11146.1,435830.0,1.79
11394.2,11505.1,11508.6,11267.3,391080.0,-1.07
10892.9,11395.0,11445.6,10793.2,540780.0,-4.40
10049.4,10894.2,10894.5,9965.5,745590.0,-7.74
10303.4,10053.3,10448.2,9580.1,930050.0,2.53
10335.6,10300.9,10734.0,9788.6,798670.0,0.31
10218.1,10335.5,10460.7,10016.3,497770.0,-1.14
10312.7,10219.3,10494.9,10086.7,441110.0,0.93
10910.7,10312.8,10923.9,10267.8,519010.0,5.80
10752.6,10911.2,10941.6,10581.0,515470.0,-1.45
10141.5,10753.3,10797.8,9908.0,717650.0,-5.68
10105.0,10141.1,10218.2,9777.0,520750.0,-0.36
10388.7,10104.9,10434.3,9921.4,436260.0,2.81
10131.0,10389.4,10415.9,9917.5,463850.0,-2.48
10136.3,10132.1,10307.0,9935.2,422530.0,0.05
10371.8,10136.0,10568.2,10136.0,568770.0,2.32
10184.8,10372.2,10387.6,10060.2,419810.0,-1.80
9729.4,10184.7,10271.3,9629.6,580290.0,-4.47
9491.0,9729.1,9729.1,9343.0,509130.0,-2.45
9585.4,9494.1,9675.7,9370.2,413920.0,0.99
9594.4,9585.5,9677.5,9457.3,311490.0,0.09
9729.3,9594.7,9799.5,9533.6,322660.0,1.41
10348.8,9728.8,10431.5,9720.3,542790.0,6.37
10612.3,10348.1,10756.8,10283.5,578790.0,2.55
10568.2,10611.6,10783.6,10388.6,504450.0,-0.42
10566.9,10567.8,10630.7,10469.9,402090.0,-0.01
10309.3,10566.7,10896.2,10227.4,643020.0,-2.44
10461.1,10306.9,10556.4,10302.3,393570.0,1.47
10402.8,10461.6,10578.0,10266.3,339730.0,-0.56
10309.0,10402.1,10478.0,10095.7,473760.0,-0.90
10105.4,10308.7,10379.8,9970.7,383220.0,-1.98
10162.5,10104.9,10257.5,9908.9,413060.0,0.57
10415.1,10162.4,10447.9,10051.0,413220.0,2.49
10342.1,10415.2,10441.4,10174.1,365520.0,-0.70
10337.3,10342.2,10421.4,10253.7,326440.0,-0.05
10311.5,10337.3,10360.4,10272.0,255790.0,-0.25
10255.5,10311.3,10360.5,10108.5,372530.0,-0.54
10195.7,10254.6,10273.6,10153.5,321640.0,-0.58
10164.7,10195.7,10257.5,10119.3,318820.0,-0.30
10250.5,10164.6,10297.6,9707.6,542250.0,0.84
10172.7,10251.5,10279.5,10088.6,362070.0,-0.76
9993.0,10172.8,10177.9,9939.8,326170.0,-1.77
10031.6,9993.0,10075.0,9870.9,337060.0,0.39
9702.2,10031.3,10048.8,9656.3,431100.0,-3.28
8513.9,9702.7,9793.8,8069.4,933160.0,-12.25
8432.4,8512.3,8729.8,8245.1,696110.0,-0.96
8063.8,8432.5,8463.1,7773.6,731030.0,-4.37
8184.9,8063.8,8257.4,7882.1,561400.0,1.50
8208.5,8184.5,8297.2,8031.1,457790.0,0.29
8049.1,8208.0,8226.8,7922.1,418480.0,-1.94
8284.3,8048.9,8318.5,7749.0,600260.0,2.92
8302.7,8285.0,8486.2,8187.9,533950.0,0.22
8364.1,8302.7,8374.0,8167.7,405860.0,0.74
8226.9,8363.6,8391.7,8090.1,460970.0,-1.64
8148.1,8227.6,8233.6,8041.4,416920.0,-0.96
8127.3,8148.0,8185.1,8030.6,360920.0,-0.25
7881.9,8127.3,8145.5,7834.9,448800.0,-3.02
8198.6,7882.6,8293.5,7797.0,604740.0,4.02
8182.9,8198.5,8323.1,8118.1,469040.0,-0.19
8566.7,8180.1,8655.9,8122.7,636430.0,4.69
8562.3,8566.8,8638.5,8438.7,511460.0,-0.05
8267.8,8562.2,8751.1,8249.7,667860.0,-3.44
8304.4,8267.6,8394.8,8260.9,424020.0,0.44
8281.5,8304.3,8450.2,8190.6,419870.0,-0.28
8353.3,8281.3,8374.3,8222.2,505020.0,0.87
8167.2,8353.4,8400.2,8139.5,469730.0,-2.23
8000.4,8167.1,8185.9,7929.8,538920.0,-2.04
8073.3,8000.4,8118.2,7944.4,444950.0,0.91
7948.5,8073.3,8116.4,7842.0,505790.0,-1.55
7957.3,7948.3,8060.2,7892.4,428830.0,0.11
8223.4,7957.4,8288.5,7889.6,513909.99999999994,3.34
8208.2,8224.1,8315.3,8155.7,489400.0,-0.18
8031.4,8207.4,8289.1,8017.7,570390.0,-2.15
7477.0,8031.0,8055.0,7329.2,892080.0,-6.90
7422.7,7476.8,7501.5,7366.3,586490.0,-0.73
8658.3,7422.8,8697.7,7404.9,1180000.0,16.65
9230.6,8658.4,10540.0,8061.8,1780000.0,6.61
9529.6,9230.6,9773.2,9081.0,1160000.0,3.24
9207.2,9530.1,9866.9,9202.5,1040000.0,-3.38
9411.3,9206.5,9531.3,9125.3,918480.0,2.22
9157.9,9411.3,9411.3,9018.4,789730.0,-2.69
9152.6,9157.9,9378.9,8959.6,798930.0,-0.06
9230.1,9153.1,9270.4,9057.2,689650.0,0.85
9300.6,9230.3,9356.7,9201.2,570740.0,0.76
9198.3,9300.5,9359.1,9095.0,536560.0,-1.10
9396.4,9198.7,9500.4,9134.1,681010.0,2.15
9310.8,9396.1,9452.7,9193.9,653420.0,-0.91
9338.9,9311.2,9424.6,9262.7,578030.0,0.30
9223.5,9339.2,9367.0,9130.0,603540.0,-1.24
8778.2,9223.6,9254.8,8722.4,791790.0,-4.83
8804.5,8778.1,8877.5,8746.9,512020.0,0.30
9036.8,8804.7,9092.9,8763.5,581570.0,2.64
8736.9,9036.9,9066.4,8649.4,601160.0,-3.32
8812.6,8737.4,8841.2,8615.7,575160.0,0.87
8783.1,8813.2,8829.7,8721.1,454330.0,-0.33
8661.2,8782.9,8799.8,8615.8,515429.99999999994,-1.39
8476.3,8660.8,8761.8,8437.1,653710.0,-2.13
8497.3,8476.2,8532.8,8450.7,471160.0,0.25
8509.8,8497.4,8631.7,8413.0,531220.0,0.15
8208.4,8510.3,8516.3,8110.4,692600.0,-3.54
8145.7,8207.7,8245.6,8032.8,654270.0,-0.76
8099.3,8145.7,8223.0,8074.2,607270.0,-0.57
7627.9,8099.4,8129.6,7519.7,891500.0,-5.82
7272.5,7627.9,7700.9,6818.5,1410000.0,-4.66
7324.1,7271.6,7342.5,7093.7,783180.0,0.71
6924.7,7325.0,7344.1,6894.9,904500.0,-5.45
7115.6,6924.7,7352.8,6534.8,1290000.0,2.76
7162.8,7115.5,7329.5,7045.1,844270.0,0.66
7510.6,7162.8,7636.9,6875.4,996490.0,4.86
7426.7,7510.6,7639.5,7380.6,737580.0,-1.12
7742.7,7426.6,7825.3,7412.3,766710.0,4.26
7546.6,7742.7,7787.7,7472.7,650600.0,-2.53
7396.4,7546.5,7546.5,7244.4,777000.0,-1.99
7298.2,7395.9,7433.8,7173.6,687780.0,-1.33
7291.8,7298.1,7389.4,7227.1,548770.0,-0.09
7204.4,7291.9,7702.2,7113.6,971750.0,-1.20
7399.2,7204.6,7476.3,7184.0,780780.0,2.70
7530.8,7399.2,7552.1,7329.8,706100.0,1.78
7510.9,7530.4,7595.7,7489.6,557140.0,-0.26
7524.4,7510.8,7576.4,7416.7,499040.0,0.18
7355.8,7524.8,7626.0,7321.6,648660.0,-2.24
7235.7,7356.2,7400.3,7192.1,609500.0,-1.63
7208.0,7235.8,7284.4,7168.8,518400.0,-0.38
7208.0,7208.0,7272.4,7124.6,611800.0,0.00
7255.2,7208.4,7288.0,7200.3,503490.0,0.65
7080.8,7255.2,7267.4,7043.3,524560.0,-2.40
7128.5,7080.8,7175.8,7033.8,492580.0,0.67
6903.5,7128.5,7153.1,6864.6,689560.0,-3.16
6613.3,6903.5,6943.5,6575.0,894550.0,-4.20
7276.0,6613.5,7387.7,6462.2,1140000.0,10.02
7165.5,7276.4,7354.0,7039.3,778720.0,-1.52
7196.4,7165.5,7218.4,7107.7,627040.0,0.43
7156.2,7196.4,7197.6,7129.6,468740.0,-0.56
7495.8,7156.3,7501.1,7142.0,677940.0,4.74
7322.8,7496.2,7684.0,7276.2,952160.0,-2.31
7268.3,7322.4,7433.2,7185.7,785540.0,-0.74
7224.8,7268.3,7542.4,7150.9,625410.0,-0.60
7210.9,7225.0,7414.3,7177.3,795090.0,-0.19
7261.7,7210.8,7293.8,7128.5,718070.0,0.70
7321.5,7261.9,7375.9,7256.5,610960.0,0.82
7397.5,7321.6,7518.9,7303.0,611690.0,1.04
7261.8,7397.5,7420.9,7244.1,606110.0,-1.84
7196.4,7261.5,7331.0,7167.4,586600.0,-0.90
7199.8,7196.4,7259.4,7180.0,420280.0,0.05
6967.0,7199.7,7209.6,6901.4,632780.0,-3.23
7343.1,6967.1,7402.9,6884.1,936290.0,5.40
7376.8,7345.1,7433.1,7291.4,523909.99999999994,0.46
7372.5,7376.8,7501.0,7345.6,628140.0,-0.06
7759.1,7372.6,7783.1,7366.7,786750.0,5.24
8155.7,7759.1,8182.0,7754.1,1010000.0,5.11
8059.6,8154.2,8436.4,7900.8,1190000.0,-1.18
7842.4,8060.0,8065.9,7779.2,786500.0,-2.70
8187.1,7842.5,8187.4,7697.7,1050000.0,4.40
8024.1,8187.8,8262.9,8008.4,776750.0,-1.99
8187.6,8023.3,8189.9,7973.1,595220.0,2.04
8111.4,8188.3,8196.7,8068.4,610660.0,-0.93
8829.2,8111.2,8898.7,8111.2,1480000.0,8.85
8818.3,8827.9,8904.0,8615.5,1170000.0,-0.12
8726.9,8818.1,8850.0,8605.8,748320.0,-1.04
8913.1,8726.7,9005.1,8675.9,794110.0,2.13
8916.3,8913.0,8982.3,8814.6,627740.0,0.04
8706.2,8916.3,9183.7,8552.8,975010.0,-2.36
8641.9,8705.7,8740.1,8539.2,599060.0,-0.74
8732.6,8642.0,8770.3,8524.0,540200.0,1.05
8678.5,8733.0,8805.4,8610.8,509060.0,-0.62
8405.1,8678.5,8687.3,8309.6,722670.0,-3.15
8439.9,8404.9,8522.0,8242.6,617020.0,0.41
8341.6,8439.9,8447.6,8277.2,444000.0,-1.17
8607.8,8341.6,8607.8,8304.9,468340.0,3.19
8866.6,8608.1,8983.1,8585.6,706450.0,3.01
9377.3,8866.6,9389.5,8866.6,954200.0,5.76
9298.9,9377.3,9428.7,9250.9,749880.0,-0.84
9507.3,9299.1,9569.0,9209.2,765210.0,2.24
9349.1,9508.3,9525.0,9222.3,633370.0,-1.66
9381.6,9349.3,9458.8,9301.5,458420.0,0.35
9334.9,9381.5,9465.4,9183.1,683370.0,-0.50
9296.6,9334.6,9582.8,9243.1,701390.0,-0.41
9193.9,9296.5,9347.5,9193.9,651680.0,-1.10
9611.8,9194.1,9726.8,9179.9,771460.0,4.54
9772.0,9611.8,9854.9,9536.1,778670.0,1.67
9818.6,9771.9,9872.5,9738.7,608960.0,0.48
9895.5,9817.3,9931.2,9673.2,551310.0,0.78
10151.5,9895.4,10157.1,9882.7,617350.0,2.59
9854.1,10151.5,10181.7,9774.8,781220.0,-2.93
10229.5,9854.0,10314.1,9725.1,791280.0,3.81
10317.7,10229.3,10435.6,10229.3,803250.0,0.86
10235.1,10321.9,10482.6,10116.9,940300.0,-0.80
10333.0,10235.5,10372.4,10125.2,732510.0,0.96
9907.7,10336.0,10369.8,9831.7,808810.0,-4.12
9932.3,9907.4,10056.4,9654.9,808910.0,0.25
9701.4,9931.7,9951.5,9468.9,961880.0,-2.32
10158.4,9701.5,10230.1,9601.6,945910.0,4.71
9609.4,10158.6,10230.9,9424.3,905950.0,-5.40
9602.4,9611.9,9681.4,9448.9,870800.0,-0.07
9684.5,9602.2,9747.1,9574.5,716610.0,0.85
9655.7,9684.5,9706.5,9569.8,589880.0,-0.30
9942.7,9655.6,9965.6,9653.4,775880.0,2.97
9662.7,9943.2,9981.0,9507.0,980000.0,-2.82
9317.2,9662.6,9672.3,9269.8,937970.0,-3.57
8800.3,9317.1,9368.1,8672.0,1320000.0,-5.55
8818.6,8800.1,8968.3,8538.5,1130000.0,0.21
8697.5,8820.1,8898.7,8451.9,1080000.0,-1.37
8543.7,8697.1,8793.7,8539.8,683440.0,-1.77
8540.0,8543.8,8737.2,8437.2,784050.0,-0.04
8904.8,8537.5,8961.8,8503.1,1020000.0,4.27
8761.4,8906.1,8911.7,8669.3,1010000.0,-1.61
8757.9,8761.3,8840.3,8679.7,759690.0,-0.04
9060.3,8757.9,9147.3,8751.5,950760.0,3.45
9134.8,9060.6,9165.2,9004.9,1040000.0,0.82
8887.8,9134.2,9180.8,8848.7,750650.0,-2.70
8034.1,8887.8,8888.0,8015.3,1110000.0,-9.61
7933.0,8035.8,8158.8,7648.7,1540000.0,-1.26
7891.2,7933.0,8145.5,7740.2,1200000.0,-0.53
7935.1,7892.1,7976.5,7606.0,1100000.0,0.56
4826.0,7935.2,7963.1,4546.6,3220000.0,-39.18
5584.3,4815.2,5934.3,3869.5,4170000.0,15.71
5182.7,5589.4,5634.9,5072.2,1690000.0,-7.19
5366.3,5182.9,5863.3,5120.6,1610000.0,3.54
5030.0,5366.4,5369.3,4477.7,2550000.0,-6.27
5261.1,5030.2,5432.8,4946.5,1890000.0,4.59
5361.4,5260.7,5373.1,5020.9,1800000.0,1.91
6172.0,5359.2,6379.5,5256.0,2180000.0,15.12
6205.3,6171.6,6858.1,5748.2,2220000.0,0.54
6186.2,6205.6,6438.3,5887.0,1640000.0,-0.31
5822.1,6186.9,6394.4,5771.2,1480000.0,-5.89
6468.9,5822.0,6564.7,5710.8,1880000.0,11.11
6744.6,6468.8,6814.2,6380.8,1730000.0,4.26
6678.9,6744.8,6930.2,6474.6,1520000.0,-0.97
6725.1,6677.9,6772.9,6541.7,1180000.0,0.69
6373.4,6725.5,6813.7,6322.3,1160000.0,-5.23
6233.7,6373.4,6374.3,6046.5,1260000.0,-2.19
5890.4,6233.2,6258.8,5889.3,916170.0,-5.51
6391.0,5890.4,6576.5,5872.5,1430000.0,8.50
6412.5,6391.1,6513.1,6346.3,1050000.0,0.34
6638.5,6412.4,6661.3,6157.4,1400000.0,3.52
6800.5,6638.8,7182.7,6567.9,1740000.0,2.44
6735.9,6799.9,7026.3,6623.6,1350000.0,-0.95
6857.4,6735.9,6958.6,6679.1,1050000.0,1.80
6772.7,6857.5,6889.4,6686.0,842330.0,-1.23
7332.3,6772.8,7335.0,6770.1,1530000.0,8.26
7185.2,7332.3,7440.3,7101.7,1320000.0,-2.01
7361.2,7185.6,7396.1,7153.1,983940.0,2.45
7289.0,7361.1,7361.1,7140.3,963550.0,-0.98
6863.1,7289.0,7294.4,6756.1,1370000.0,-5.84
6867.8,6862.7,6931.4,6765.1,845580.0,0.07
6917.6,6867.9,7158.8,6785.1,1100000.0,0.73
6841.3,6918.1,6920.3,6618.5,1250000.0,-1.10
6850.9,6841.8,6970.8,6768.6,999530.0,0.14
6629.1,6851.3,6929.5,6615.9,1000000.0,-3.24
7085.6,6629.1,7159.7,6520.5,1540000.0,6.89
7035.8,7085.5,7142.8,7005.8,810100.0,-0.70
7230.8,7035.9,7259.4,7031.5,796450.0,2.77
7122.9,7230.9,7238.0,7079.1,5930000.0,-1.49
6833.5,7122.9,7207.5,6771.2,1260000.0,-4.06
6842.5,6833.4,6919.3,6774.3,892570.0,0.13
7112.9,6842.5,7137.4,6821.8,914180.0,3.95
7488.5,7112.8,7655.4,7036.5,1340000.0,5.28
7503.8,7491.3,7583.5,7423.5,951950.0,0.20
7540.4,7503.9,7684.6,7451.0,861930.0,0.49
7678.9,7540.4,7679.4,7520.5,921590.0,1.84
7766.0,7679.4,7768.5,7637.7,980500.0,1.13
7746.9,7766.0,7770.1,7655.3,808090.0,-0.25
8770.9,7746.7,8918.5,7729.7,1830000.0,13.22
8629.0,8770.6,9437.5,8425.5,2040000.0,-1.62
8821.6,8628.6,9040.3,8621.0,1110000.0,2.23
8966.3,8821.6,8986.2,8771.3,890340.0,1.64
8885.5,8966.2,9169.9,8742.2,1150000.0,-0.90
8874.7,8885.5,8945.5,8553.2,1120000.0,-0.12
9001.0,8874.2,9078.7,8800.4,1050000.0,1.42
9151.4,9000.6,9373.7,8923.6,1620000.0,1.67
9979.8,9152.7,10033.0,9064.8,1910000.0,9.05
9806.2,9980.1,10018.2,9731.4,1420000.0,-1.74
9554.6,9806.0,9910.5,9533.6,1490000.0,-2.57
8738.8,9553.9,9569.4,8259.3,2470000.0,-8.54
8579.8,8737.6,9129.6,8235.6,2290000.0,-1.82
8813.8,8569.8,8964.5,8542.8,1350000.0,2.73
9298.7,8813.9,9384.6,8799.1,1500000.0,5.50
9778.4,9298.7,9887.5,9265.8,1770000.0,5.16
9318.0,9778.6,9819.6,9223.2,1560000.0,-4.71
9379.5,9318.1,9579.0,9233.0,1100000.0,0.66
9677.7,9376.6,9866.0,9327.8,1180000.0,3.18
9730.7,9678.4,9930.2,9524.4,1180000.0,0.55
9773.3,9730.8,9883.9,9498.7,1160000.0,0.44
9512.3,9773.0,9829.3,9368.4,1150000.0,-2.67
9059.0,9511.6,9567.1,8833.6,1410000.0,-4.76
9169.7,9058.2,9253.5,8952.1,914590.0,1.22
9177.0,9169.8,9303.2,9098.9,812560.0,0.08
8728.2,9177.9,9292.0,8724.1,1110000.0,-4.89
8898.2,8728.0,8959.5,8666.1,941890.0,1.95
8842.5,8897.7,8994.6,8713.9,784920.0,-0.63
9199.1,8842.3,9210.9,8818.6,810890.0,4.03
9572.2,9199.8,9610.8,9119.2,948860.0,4.06
9424.8,9573.4,9596.5,9358.1,814330.0,-1.54
9692.5,9424.8,9729.9,9352.7,720620.0,2.84
9454.8,9692.9,9695.6,9406.2,645270.0,-2.45
10189.3,9454.5,10301.8,9429.7,796680.0,7.77
9527.6,10190.7,10207.3,9347.3,1060000.0,-6.49
9667.2,9527.0,9667.2,9421.7,558120.0,1.47
9794.4,9667.2,9864.4,9490.9,593660.0,1.32
9631.2,9794.0,9846.1,9628.7,527050.0,-1.67
9669.6,9630.8,9733.1,9549.5,370850.0,0.40
9742.6,9669.6,9791.8,9417.4,549200.0,0.76
9777.9,9743.4,9788.2,9662.3,431040.0,0.36
9768.8,9777.7,9857.2,9616.6,479550.0,-0.09
9878.8,9768.8,9970.9,9710.7,533550.0,1.13
9283.2,9878.9,9945.2,9139.1,919300.0,-6.03
9466.6,9283.7,9547.5,9249.4,529280.0,1.97
9471.3,9466.5,9484.9,9369.9,364970.0,0.05
9345.3,9470.7,9474.7,9264.4,311270.0,-1.33
9425.4,9345.5,9489.7,8925.6,750900.0,0.86
9523.5,9425.6,9577.1,9379.3,545470.0,1.04
9464.6,9523.6,9543.6,9258.2,446450.0,-0.62
9388.1,9464.6,9480.4,9289.3,391670.0,-0.81
9314.0,9390.3,9424.0,9249.6,478490.0,-0.79
9358.8,9314.0,9394.5,9199.8,383440.0,0.48
9296.4,9358.8,9411.2,9288.5,335990.0,-0.67
9683.7,9296.5,9751.9,9285.8,523320.00000000006,4.17
9624.6,9683.9,9715.6,9581.8,375490.0,-0.61
9302.0,9624.6,9667.4,9223.0,515780.0,-3.35
9247.5,9300.8,9327.3,9022.6,524450.0,-0.59
9160.0,9247.5,9296.5,9060.1,489840.0,-0.95
9008.3,9160.5,9190.5,8865.3,441930.0,-1.66
9124.0,9008.4,9185.5,8950.2,329010.0,1.28
9185.4,9122.8,9229.1,9033.6,401120.0,0.67
9135.4,9186.0,9199.8,9075.3,381730.0,-0.54
9229.9,9135.9,9289.0,9101.1,366780.0,1.03
9085.1,9229.9,9259.7,8962.1,483100.0,-1.57
9067.1,9085.0,9120.4,9050.9,333880.0,-0.20
9134.4,9067.1,9182.3,9049.6,261250.0,0.74
9081.0,9134.3,9149.6,8932.1,314100.0,-0.58
9339.0,9080.4,9363.0,9063.2,510270.0,2.84
9256.0,9338.8,9371.2,9209.3,420550.0,-0.89
9429.9,9256.3,9458.3,9233.1,509940.0,1.88
9235.7,9430.1,9434.5,9176.0,444270.0,-2.06
9285.1,9239.0,9309.8,9131.9,418470.0,0.53
9233.3,9285.8,9295.5,9184.2,353920.0,-0.56
9300.8,9234.2,9337.8,9170.4,366880.0,0.73
9243.6,9300.5,9329.6,9207.6,456870.0,-0.62
9253.4,9243.1,9274.8,9135.7,453830.0,0.11
9198.7,9253.6,9270.2,9168.7,429840.0,-0.59
9135.3,9198.7,9224.2,9052.0,429040.0,-0.69
9155.8,9135.4,9181.9,9091.5,310920.0,0.22
9170.2,9155.8,9198.8,9126.7,276400.0,0.16
9208.0,9170.1,9224.8,9106.4,265250.0,0.41
9162.4,9208.1,9218.4,9139.9,312980.0,-0.50
9387.3,9162.3,9426.9,9155.1,458990.0,2.46
9513.7,9387.4,9523.1,9296.0,386000.0,1.35
9599.6,9513.6,9646.5,9451.1,425660.0,0.90
9546.4,9599.2,9626.2,9480.5,359160.0,-0.55
9704.1,9546.7,9729.3,9536.2,306290.0,1.65
9932.5,9690.0,10086.6,9645.9,415070.0,2.35
11022.8,9932.7,11367.0,9894.6,908990.0,10.98
10908.5,10961.1,11046.1,10873.6,658370.0,-1.04
11105.9,10908.4,11336.5,10771.8,576830.0,1.81
11096.2,11105.8,11164.4,10861.6,501140.0,-0.09
11333.4,11096.5,11434.8,10964.6,530950.0,2.14
11803.1,11333.2,11847.7,11226.1,611470.0,4.14
11066.8,11802.6,12061.1,10730.7,647950.0,-6.24
11224.4,11066.9,11461.1,10981.6,470240.0,1.42
11184.7,11223.8,11407.8,11043.0,485790.0,-0.35
11735.1,11184.8,11771.5,11114.5,570830.0,4.92
11757.1,11735.0,11898.4,11563.0,554850.0,0.19
11592.0,11757.1,11901.8,11352.4,517000.0,-1.40
11764.3,11591.6,11805.5,11533.5,317060.0,1.49
11681.2,11764.4,11792.8,11527.5,303000.0,-0.71
11889.2,11681.1,12041.1,11546.9,564110.0,1.78
11390.4,11889.2,11931.8,11146.7,615900.0,-4.19
11557.2,11390.4,11605.4,11190.6,549590.0,1.46
11770.9,11557.2,11772.9,11298.4,545670.0,1.85
11750.8,11771.1,11835.5,11651.5,435440.0,-0.17
11845.3,11751.1,11964.0,11711.5,499100.0,0.80
11899.0,11845.5,11922.5,11688.9,410810.0,0.45
12282.6,11898.8,12444.1,11764.0,628410.0,3.22
11947.6,12283.0,12381.4,11842.0,606790.0,-2.73
11750.2,11944.4,12013.2,11602.6,550260.0,-1.65
11856.9,11751.0,11881.0,11672.7,430930.0,0.91
11529.2,11856.9,11877.4,11495.6,506380.0,-2.76
11661.3,11529.2,11677.0,11382.1,433980.0,1.15
11641.6,11661.1,11705.4,11520.8,377330.0,-0.17
11753.5,11641.6,11824.6,11587.1,429130.0,0.96
11324.8,11752.9,11766.9,11131.0,594070.0,-3.65
11462.3,11324.9,11533.6,11254.6,513059.99999999994,1.21
11327.4,11462.3,11580.3,11135.3,560590.0,-1.18
11527.4,11327.5,11539.0,11281.9,464940.0,1.77
11468.1,11527.8,11576.8,11433.5,389850.0,-0.51
11702.0,11468.1,11704.2,11462.6,409360.0,2.04
11644.2,11701.1,11760.2,11563.8,496140.0,-0.49
11914.9,11644.2,12045.9,11544.6,580690.0,2.32
11413.3,11914.4,11947.5,11244.9,20260000.0,-4.21
10168.8,11413.2,11442.7,10009.5,9650000.0,-10.90
10472.5,10168.7,10614.2,9960.3,12500000.0,2.99
10092.2,10472.3,10558.7,9897.8,14720000.0,-3.63
10296.4,10092.2,10337.7,10004.7,12120000.0,2.02
10376.9,10296.4,10400.9,9887.0,12400000.0,0.78
10126.6,10376.9,10434.4,9877.1,113900.0,-2.41
10224.6,10126.8,10343.3,9984.6,71370.0,0.97
10339.7,10224.3,10480.3,10219.2,88010.0,1.13
10390.2,10339.8,10398.8,10212.6,62280.0,0.49
10441.9,10390.2,10476.8,10275.9,48490.0,0.50
10326.0,10441.7,10579.6,10219.4,66120.0,-1.11
10675.3,10332.7,10744.3,10264.5,96640.0,3.38
10785.3,10675.2,10931.8,10627.8,91700.0,1.03
10949.5,10785.2,11093.3,10669.2,94940.0,1.52
10941.3,10950.1,11039.3,10755.2,77220.0,-0.07
10933.0,10941.3,11029.7,10818.7,63480.0,-0.08
11081.8,10933.0,11177.1,10890.7,51630.0,1.36
10921.5,11081.6,11081.6,10772.7,53390.0,-1.45
10416.8,10919.9,10987.2,10328.5,109850.0,-4.62
10531.5,10419.4,10570.7,10361.7,63520.0,1.10
10237.3,10531.5,10535.4,10146.6,74950.0,-2.79
10739.4,10238.1,10787.8,10201.0,82950.0,4.90
10688.8,10739.9,10756.0,10558.9,71430.0,-0.47
10727.9,10688.9,10793.3,10650.2,37850.0,0.37
10776.2,10727.9,10799.2,10602.7,40920.0,0.45
10693.2,10776.4,10946.6,10685.2,72290.0,-0.77
10840.9,10694.3,10858.4,10642.4,59640.0,1.38
10776.1,10843.4,10847.7,10667.6,55550.0,-0.60
10620.5,10776.6,10913.7,10462.7,95330.0,-1.44
10572.3,10619.6,10662.9,10387.6,77940.0,-0.45
10544.2,10572.2,10597.8,10501.2,29100.0,-0.27
10672.9,10544.4,10693.3,10520.8,31400.0,1.22
10789.5,10672.5,10789.6,10623.4,48860.0,1.09
10602.6,10790.2,10800.3,10530.8,69070.0,-1.73
10670.9,10601.0,10680.1,10553.3,49270.0,0.64
10924.1,10670.7,10948.6,10549.6,79780.0,2.37
11054.2,10923.5,11103.0,10836.9,70950.0,1.19
11298.4,11053.5,11475.0,11053.1,65810.0,2.21
11371.0,11295.6,11439.4,11277.6,41060.0,0.64
11533.9,11370.8,11715.9,11227.4,84020.0,1.43
11423.8,11533.5,11558.0,11315.9,64670.0,-0.95
11420.4,11424.4,11541.0,11293.5,59120.0,-0.03
11503.0,11421.4,11590.9,11276.7,70840.0,0.72
11322.0,11503.2,11542.2,11224.6,71420.0,-1.57
11362.1,11321.8,11402.7,11274.4,29860.0,0.35
11506.9,11362.1,11506.9,11349.8,31510.0,1.27
11753.4,11507.1,11823.3,11413.9,73040.0,2.14
11913.5,11753.9,12029.4,11685.7,94590.0,1.36
12808.7,11913.6,13213.5,11894.6,197720.0,7.51
12974.6,12805.5,13183.9,12698.2,113310.0,1.30
12934.1,12972.7,13025.5,12738.9,73940.0,-0.31
13117.2,12933.6,13161.5,12876.4,51200.0,1.42
13032.2,13117.0,13345.3,12900.4,59730.0,-0.65
13061.6,13033.0,13229.7,12792.4,89470.0,0.23
13657.8,13061.5,13782.3,13050.3,128639.99999999999,4.56
13278.9,13658.3,13851.7,12907.6,144180.0,-2.77
13457.2,13278.3,13640.0,12982.9,111230.0,1.34
13559.9,13457.0,13667.9,13134.5,108770.0,0.76
13797.3,13560.2,14065.4,13441.7,102750.0,1.75
13759.4,13795.5,13889.5,13628.7,51710.0,-0.27
13561.4,13759.7,13828.4,13214.2,97760.0,-1.44
14019.9,13560.5,14054.0,13294.6,108170.0,3.38
14145.6,14023.0,14238.8,13544.4,140800.0,0.90
15587.1,14145.6,15739.9,14099.7,227490.0,10.19
15577.9,15593.9,15955.2,15223.5,186130.0,-0.06
14828.4,15578.2,15754.4,14385.1,160730.0,-4.81
15483.7,14826.6,15648.3,14720.7,94990.0,4.42
15327.2,15483.3,15819.6,14816.9,165040.0,-1.01
15303.6,15328.0,15465.3,15096.5,93360.0,-0.15
15695.8,15303.1,15953.9,15281.0,119070.0,2.56
16294.7,15695.8,16342.7,15483.5,165540.0,3.82
16324.2,16293.0,16474.1,15973.4,113750.0,0.18
16071.0,16323.1,16328.2,15717.7,83640.0,-1.55
15953.0,16074.7,16158.1,15782.3,58430.0,-0.73
16715.8,15954.1,16880.7,15870.7,118090.0,4.78
17662.3,16715.8,17845.4,16562.0,175870.0,5.66
17774.6,17662.3,18466.1,17258.9,233430.0,0.64
17803.5,17775.1,18166.0,17380.1,135940.0,0.16
18675.2,17805.5,18811.0,17758.4,134420.0,4.90
18687.2,18673.8,18966.0,18397.5,108910.0,0.06
18412.9,18689.3,18751.5,17644.6,121760.0,-1.47
18379.6,18428.1,18756.8,18016.0,127350.0,-0.18
19152.6,18394.6,19416.6,18074.8,180790.0,4.21
18723.0,19151.5,19486.7,18527.7,146120.0,-2.24
17162.0,18721.9,18894.9,16235.2,312070.0,-8.34
17127.1,17160.9,17450.3,16481.6,138800.0,-0.20
17730.7,17142.6,17874.4,16874.4,95200.0,3.52
18185.5,17729.7,18336.3,17530.4,79120.0,2.57
19698.1,18186.0,19831.2,18186.0,185590.0,8.32
18770.7,19697.8,19897.4,18257.0,208720.0,-4.71
19218.8,18767.9,19335.5,18346.7,91920.0,2.39
19433.3,19219.8,19596.6,18883.7,99970.0,1.12
18658.1,19431.1,19529.5,18610.8,110630.0,-3.99
19146.5,18657.5,19172.7,18507.1,59440.0,2.62
19379.9,19146.0,19417.1,18873.0,54560.0,1.22
19170.7,19368.4,19424.6,18908.8,61980.0,-1.08
18326.6,19170.8,19288.6,18229.2,101410.0,-4.40
18546.0,18322.4,18637.9,17658.8,129720.0,1.20
18247.2,18546.1,18551.8,17926.8,85310.0,-1.61
18023.6,18250.5,18288.3,17600.1,111530.0,-1.23
18808.9,18026.7,18936.2,18025.1,71370.0,4.36
19176.8,18808.1,19403.6,18716.8,82450.0,1.96
19273.8,19176.4,19346.5,19007.0,67110.0,0.51
19434.9,19273.9,19556.3,19076.2,98390.0,0.84
21352.2,19434.7,21525.3,19299.7,199810.0,9.87
22825.4,21352.3,23738.0,21243.1,310740.0,6.90
23127.9,22823.3,23272.8,22361.5,131800.0,1.33
23844.0,23127.6,24107.1,22797.0,133880.0,3.10
23474.9,23843.6,24280.9,23098.9,114090.0,-1.55
22728.5,23474.1,24101.9,22015.5,154690.0,-3.18
23823.2,22730.4,23825.4,22388.6,130750.0,4.82
23257.9,23820.8,24063.7,22694.7,178470.0,-2.37
23736.5,23253.2,23783.7,22737.3,104590.0,2.06
24689.6,23728.7,24778.9,23445.3,2400.0,4.02
26454.4,24714.7,26826.0,24515.1,155770.0,7.15
26261.3,26460.3,28360.3,25858.2,231230.0,-0.73
27057.8,26259.2,27444.9,26144.3,126980.0,3.03
27376.0,27065.3,27390.7,25902.8,119570.0,1.18
28868.7,27374.5,28979.3,27374.5,159820.0,5.45
28949.4,28866.8,29298.8,28025.0,136690.0,0.28
29359.9,28951.7,29627.1,28712.4,100900.0,1.42
32193.3,29359.7,33233.5,29008.0,240870.0,9.65
32958.9,32192.9,34755.9,32029.6,155210.0,2.38
32022.6,33016.6,33587.5,28204.5,255270.0,-2.84
33991.5,32015.4,34414.7,30010.5,202130.0,6.15
36793.2,33999.3,36934.8,33408.3,227560.0,8.24
39460.2,36798.5,40340.9,36361.2,249600.0,7.25
40599.3,39466.4,41921.7,36613.4,251290.0,2.89
40151.9,40607.2,41363.5,38775.1,128419.99999999999,-1.10
38192.2,40149.7,41362.4,35141.6,215780.0,-4.88
35544.3,38195.3,38217.2,30411.6,251040.0,-6.93
34076.1,35426.0,36598.7,32572.7,241930.0,-4.13
37382.2,34061.2,37764.6,32451.9,209930.0,9.70
39175.7,37383.4,40054.3,36772.1,172400.0,4.80
36845.8,39175.7,39715.0,34488.7,118420.0,-5.95
36019.5,36751.8,37931.7,35408.4,137020.0,-2.24
35839.6,36020.1,36801.3,33883.5,126820.0,-0.50
36613.2,35838.2,37436.8,34801.0,111520.0,2.16
36002.9,36630.6,37821.0,36001.4,79110.0,-1.67
35476.3,35862.1,36384.4,33444.5,153610.0,-1.46
30842.1,35472.3,35591.1,30101.8,253270.0,-13.06
33000.5,30838.7,33821.2,28871.2,243090.0,7.00
32088.9,32994.1,33441.4,31418.2,100700.0,-2.76
32241.3,32088.5,33034.8,30982.9,88210.0,0.47
32252.3,32244.3,34854.3,31967.4,142430.0,0.03
32502.1,32244.1,32917.7,30850.0,139840.0,0.77
30404.0,32499.6,32545.4,29290.4,194350.0,-6.46
33374.8,30408.9,33790.8,29911.9,167390.0,9.77
34301.8,33381.7,38546.0,31953.3,297730.0,2.78
34283.1,34300.0,34920.9,32908.5,128570.0,-0.05
33108.1,34281.6,34348.3,32189.9,101920.0,-3.43
33515.7,33106.8,34685.6,32324.9,126320.0,1.23
35485.2,33514.0,35976.1,33462.4,120850.0,5.88
37646.8,35486.9,37646.8,35401.5,131030.0,6.09
36982.1,37648.9,38707.9,36380.8,151440.0,-1.77
38297.6,36976.4,38303.6,36640.0,100600.0,3.56
39256.6,38300.6,40939.7,38275.3,156020.0,2.50
38852.9,39228.9,39691.7,37381.6,125370.0,-1.03
46395.7,38853.6,46596.4,38057.0,248470.0,19.41
46508.6,46396.4,48143.5,45104.7,193870.0,0.24
44836.0,46507.8,47295.3,43800.5,151830.0,-3.60
47990.7,44834.8,48622.1,44041.1,145770.0,7.04
47371.7,47995.0,48927.4,46218.6,133730.0,-1.29
47168.7,47373.1,48097.3,46270.5,89420.0,-0.43
48643.4,47172.1,49695.1,47051.9,106500.0,3.13
47936.3,48611.1,48936.5,45786.1,123180.0,-1.45
49169.7,47934.2,50515.8,47044.4,141370.0,2.57
52079.2,49161.3,52577.7,49018.1,140030.0,5.92
51582.2,52094.5,52524.0,50941.6,94350.0,-0.95
55906.6,51590.1,56238.5,50816.8,139430.0,8.38
55923.7,55922.0,57523.8,54124.1,127850.0,0.03
57433.8,55907.6,58335.1,55502.7,87260.0,2.70
54111.8,57437.6,57480.8,48353.8,244950.0,-5.78
48911.2,54114.1,54115.0,45093.8,315070.0,-9.61
49697.5,48911.1,51311.8,47031.7,153750.0,1.61
46928.5,49695.9,52013.8,46773.7,83220.0,-5.57
46345.6,46928.5,48413.9,44248.2,189410.0,-1.24
46136.7,46333.1,48335.1,45059.4,98750.0,-0.45
45164.0,46136.0,46582.0,43100.6,135080.0,-2.11
49595.5,45160.5,49774.0,45008.8,137520.0,9.81
48424.2,49595.6,50191.9,47100.6,102100.0,-2.36
50395.1,48422.2,52567.9,48159.2,44930.0,4.07
48428.0,50388.0,51757.7,47521.8,9560.0,-3.90
48792.5,48363.6,49429.4,46370.1,113640.0,0.75
48855.6,48798.7,49191.8,47132.8,66660.0,0.13
50982.3,48899.0,51434.1,48890.6,82910.0,4.35
52311.0,50988.9,52384.9,49338.1,68140.0,2.61
54879.0,52352.4,54880.6,51941.3,114060.0,4.91
55851.9,54882.7,57328.7,53073.6,140960.0,1.77
57799.5,55851.2,58135.0,54351.8,129630.0,3.49
57265.1,57806.2,58052.3,55134.5,116960.0,-0.92
61195.3,57267.4,61795.8,56118.8,134640.0,6.86
59113.7,61192.7,61673.7,59113.7,80290.0,-3.40
55791.3,59117.4,60565.9,55088.8,117710.0,-5.62
56889.7,55619.5,56889.7,53342.6,128509.99999999999,1.97
58913.5,56892.9,58933.2,54253.2,118260.0,3.56
57656.0,58911.8,60088.0,57099.6,102620.0,-2.13
58088.0,57645.0,59448.3,56305.1,83980.0,0.75
58093.4,58084.1,59882.1,57863.0,67830.0,0.01
57383.8,58097.4,58583.8,55583.3,77470.0,-1.22
54158.3,57379.3,58379.9,53784.2,95530.0,-5.62
54452.5,54117.5,55813.8,52992.3,84840.0,0.54
52325.4,54309.1,57169.4,51725.4,137910.0,-3.91
51322.3,52330.0,53175.4,50441.3,143350.0,-1.92
55036.1,51317.4,55074.1,51302.0,100300.0,7.24
55862.9,55033.8,56531.1,54010.2,73870.0,1.50
55765.2,55856.9,56504.2,54711.3,58710.0,-0.17
57616.2,55764.7,58392.6,54951.1,107910.0,3.32
58771.3,57614.6,59366.9,57077.1,86210.0,2.00
58763.7,58771.4,59795.6,56991.6,98060.0,-0.01
58718.3,58763.2,59406.5,58040.7,69040.0,-0.08
58977.3,58718.2,60134.9,58466.5,72370.0,0.44
57059.9,58976.8,59770.5,56906.7,68740.0,-3.25
58199.9,57059.7,58464.8,56470.6,57210.0,2.00
58993.4,58202.3,59205.1,56842.7,54130.0,1.36
57996.3,59169.0,59487.0,57403.3,77150.0,-1.69
55948.7,57996.3,58627.7,55489.3,110690.0,-3.53
58077.4,55948.0,58136.7,55721.6,64780.0,3.80
58118.7,58076.8,58890.9,57686.0,59220.0,0.07
59748.4,58127.4,61229.0,57900.0,103720.0,2.80
59978.7,59772.4,60667.1,59250.3,58200.0,0.39
59863.8,59982.1,61259.9,59569.2,81880.0,-0.19
63540.9,59863.6,63659.0,59839.4,126560.0,6.14
62980.4,63544.2,64778.0,61366.3,130430.0,-0.88
63216.0,62978.6,63729.1,62067.5,76970.0,0.37
61379.7,63211.6,63518.5,60027.3,136850.0,-2.90
60041.9,61358.3,62509.1,59672.1,84080.0,-2.18
56207.1,60043.2,60362.1,51817.6,216810.0,-6.39
55646.1,56208.1,57517.0,54272.3,117510.0,-1.00
56483.2,55645.1,57054.9,53422.5,115490.0,1.50
53820.2,56479.5,56764.4,53657.6,100260.0,-4.71
51729.5,53821.3,55408.4,50590.9,168130.0,-3.88
51143.6,51707.1,52099.9,47659.4,214460.0,-1.13
50088.9,51140.8,51183.0,48775.2,82250.0,-2.06
48963.6,50088.2,50532.4,47098.5,59200.0,-2.25
54020.5,48963.5,54320.9,48815.9,129759.99999999999,10.33
55036.5,54011.1,55427.8,53345.0,84080.0,1.88
54841.4,55036.0,56419.9,53876.4,86960.0,-0.35
53560.8,54838.6,55173.7,52400.0,83900.0,-2.34
57720.3,53562.3,57925.6,53088.7,103740.0,7.77
57807.1,57719.1,58449.4,57029.5,63410.0,0.15
56603.8,57807.2,57868.4,56110.5,53610.0,-2.08
57169.8,56605.8,58925.1,56562.4,89240.0,1.00
53741.5,57170.6,57201.3,53741.5,132330.0,-6.00
57441.3,53872.5,57936.4,53872.5,119820.0,6.88
56405.4,57441.0,58364.9,55294.5,109020.0,-1.80
57337.2,56411.4,58639.3,55300.1,110010.0,1.65
58840.1,57330.3,59471.1,56972.2,101270.0,2.62
58238.3,58840.6,59227.0,56414.4,103590.0,-1.02
55848.9,58251.2,59523.9,53678.3,142610.0,-4.10
56695.7,55846.1,56871.1,54550.4,96470.0,1.52
49384.2,56694.5,57938.5,49187.0,160740.0,-12.90
49704.6,49398.2,51337.3,46331.1,236710.0,0.65
49839.8,49704.9,51459.2,48874.0,118840.0,0.27
46708.8,49839.1,50640.9,46650.2,131910.0,-6.28
46426.4,46729.3,49764.3,43920.8,180070.0,-0.60
43541.3,46424.2,46545.4,42201.5,274760.0,-6.21
42897.3,43538.5,45770.9,42293.9,154960.0,-1.48
36720.5,42898.3,43516.6,30261.7,607100.0,-14.40
40717.2,36706.8,42425.9,35010.4,269750.0,10.88
37297.4,40611.2,42108.3,33592.3,315500.0,-8.40
37448.3,37291.0,38776.0,35314.9,185830.0,0.40
34679.7,37446.8,38248.7,31192.4,325730.0,-7.39
38750.6,34720.3,39851.7,34474.6,244880.0,11.74
38378.3,38753.6,39740.8,36540.7,163010.0,-0.96
39249.2,38375.7,40750.0,37847.0,153800.0,2.27
38417.3,39249.0,40322.2,37190.8,122930.0,-2.12
35662.5,38543.2,38844.1,34772.4,199580.0,-7.17
34584.6,35664.5,37227.1,33664.2,160430.0,-3.02
35652.8,34589.3,36388.6,33441.0,104180.0,3.09
37298.6,35644.0,37480.7,34213.2,131700.0,4.62
36687.6,37294.3,37850.3,35742.7,113480.0,-1.64
37555.8,36687.7,38199.9,35981.1,96890.0,2.37
39187.3,37555.7,39462.3,37193.6,106440.0,4.34
36851.3,39191.4,39255.4,35659.9,127710.0,-5.96
35520.0,36841.2,37887.6,34832.0,101480.0,-3.61
35815.4,35518.7,36434.0,35265.3,62200.0,0.83
33578.0,35815.4,36754.6,33410.1,119500.0,-6.25
33382.9,33574.6,34047.8,31158.1,193540.0,-0.58
37332.2,33385.5,37517.6,32428.6,209820.0,11.83
36649.4,37375.2,38340.8,35824.0,154320.0,-1.83
37314.6,36654.3,37641.1,36003.3,109150.0,1.81
35467.5,37334.4,37437.3,34703.3,87730.0,-4.95
39022.9,35467.5,39321.6,34827.0,123320.0,10.02
40529.4,39024.1,40970.4,38769.9,157350.0,3.86
40156.1,40522.5,41318.0,39589.9,117550.0,-0.92
38336.0,40148.1,40494.4,38156.4,123520.0,-4.53
38052.0,38337.8,39529.9,37425.3,109580.0,-0.74
35749.4,38045.5,38166.0,35198.5,102840.0,-6.05
35513.4,35770.0,36357.3,34845.5,105460.0,-0.66
35595.8,35510.9,36097.9,33378.0,137480.0,0.23
31692.0,35597.9,35708.4,31284.1,256870.0,-10.97
32496.4,31682.7,33272.5,28901.8,309650.0,2.54
33674.3,32498.3,34784.3,31736.5,173340.0,3.62
34665.8,33678.1,35249.9,32356.7,119250.0,2.94
31594.0,34660.5,35490.9,31337.9,193430.0,-8.86
32243.4,31592.1,32643.0,30206.9,156670.0,2.06
34678.5,32247.1,34685.5,32041.7,148800.0,7.55
34475.9,34682.2,35231.2,33944.9,112000.0,-0.58
35834.7,34477.3,36590.3,34247.6,97270.0,3.94
35026.9,35832.6,36089.5,34126.6,107070.0,-2.25
33543.6,35030.7,35032.7,32839.2,27410.0,-4.23
33813.4,33542.2,33925.9,32734.6,78930.0,0.80
34742.8,33814.2,34909.8,33363.3,55690.0,2.75
35298.2,34742.8,35957.6,34740.1,56130.0,1.60
33687.8,35297.0,35300.5,33164.1,88360.0,-4.56
34225.6,33688.5,35062.0,33581.7,83630.0,1.60
33867.8,34228.7,35036.6,33801.3,72030.0,-1.05
32866.3,33859.4,33923.2,32146.9,108090.0,-2.96
33797.4,32866.3,34079.2,32367.0,67140.0,2.83
33510.6,33797.7,34221.0,33056.8,50940.0,-0.85
34227.7,33510.8,34580.6,33319.8,35720.0,2.14
33113.0,34228.3,34598.0,32662.8,63240.0,-3.26
32728.1,33106.1,33307.7,32259.5,60040.0,-1.16
32820.7,32727.8,33051.9,31611.2,69560.0,0.28
31840.5,32820.5,33157.0,31175.8,76950.0,-2.99
31394.0,31842.3,32239.8,31062.2,70480.0,-1.40
31518.6,31384.4,31914.8,31207.8,58060.0,0.40
31785.4,31517.9,32408.2,31220.6,57010.0,0.85
30837.2,31782.9,31887.0,30478.2,77480.0,-2.98
29793.8,30835.4,31040.8,29310.2,97460.0,-3.38
32131.4,29794.7,32794.6,29519.3,118340.0,7.85
32298.9,32131.7,32585.4,31729.4,64870.00000000001,0.52
33603.3,32297.9,33605.6,32041.1,66150.0,4.04
33824.8,33600.5,33955.0,33412.9,67140.0,0.66
35391.1,34392.5,35391.1,33881.3,65099.99999999999,4.63
37276.6,35392.3,40522.9,35236.7,177630.0,5.33
39452.0,37294.3,39455.9,36427.4,100240.0,5.84
40003.2,39450.4,40862.2,38883.8,148920.0,1.40
40001.4,40009.0,40630.7,39340.8,75300.0,-0.00
42203.4,40001.1,42264.4,38358.4,98450.0,5.50
41553.7,42201.4,42285.3,41066.4,44650.0,-1.54
39878.3,41510.0,42565.0,39556.5,80330.0,-4.03
39168.4,39869.8,40449.0,38692.5,74810.0,-1.78
38130.3,39167.4,39766.6,37688.2,260.0,-2.65
39736.9,38188.4,39956.5,37556.0,79220.0,4.21
40867.2,39734.4,41366.3,37365.4,130600.0,2.84
42795.4,40868.4,43253.4,39905.4,111930.0,4.72
44614.2,42784.7,44697.3,42611.0,112840.0,4.25
43792.8,44584.9,45284.1,43314.4,105250.0,-1.84
46284.3,43794.9,46460.7,42824.1,117080.0,5.69
45593.8,46281.8,46663.4,44681.2,80550.0,-1.49
45564.3,45593.2,46736.5,45367.9,75430.0,-0.06
44403.4,45562.3,46213.8,43814.7,81070.0,-2.55
47809.1,44404.0,47836.0,44242.4,75270.0,7.67
47081.5,47809.6,48090.9,46117.2,64290.00000000001,-1.52
46991.3,47082.6,47344.1,45564.1,58110.0,-0.19
45996.3,46991.6,48002.4,45672.1,2410.0,-2.12
44691.6,45907.5,47140.6,44441.3,84140.0,-2.84
44723.8,44691.1,46004.9,44230.0,22360.0,0.07
46755.9,44725.9,47012.3,43986.7,77920.0,4.54
49324.0,46756.7,49343.3,46646.8,83190.0,5.49
48875.8,49330.0,49719.1,48293.5,18200.0,-0.91
49254.5,48870.4,49480.3,48151.0,49320.0,0.77
49539.7,49255.4,50498.8,49038.6,75370.0,0.58
47714.7,49532.5,49847.4,47623.6,74260.0,-3.68
48994.5,47707.4,49230.2,47163.3,63540.0,2.68
46831.6,48994.4,49347.8,46360.4,73790.0,-4.41
49064.3,46830.2,49142.0,46371.5,62470.0,4.77
48897.1,49062.8,49289.4,48428.5,36730.0,-0.34
48777.4,48899.7,49621.7,47870.1,47620.0,-0.24
46992.7,48777.1,48886.0,46876.9,61680.0,-3.66
47130.4,46989.1,48217.0,46709.3,71480.0,0.29
48819.4,47129.2,49121.0,46533.1,74380.0,3.58
49274.3,48817.8,50355.3,48612.9,80210.0,0.93
49999.0,49269.5,51008.8,48377.3,88080.0,1.47
49918.4,49999.3,50534.6,49461.4,48140.0,-0.16
51768.6,49918.7,51878.2,49492.4,57300.0,3.71
52672.1,51769.4,52726.2,51002.8,69460.0,1.75
46779.6,52674.2,52885.3,43072.4,187560.0,-11.19
46061.4,46774.1,47316.9,44493.7,100480.0,-1.54
46385.6,46057.6,47305.7,45609.0,73630.0,0.70
44842.8,46385.9,47021.6,44283.6,75620.0,-3.33
45161.9,44844.9,45975.6,44766.6,41580.0,0.71
46062.3,45162.6,46386.4,44755.2,44520.0,1.99
44949.5,46060.8,46807.7,43463.2,96150.0,-2.42
47077.5,44950.2,47247.6,44718.7,65330.0,4.73
48130.6,47070.8,48436.5,46743.9,63400.0,2.24
47748.0,48132.3,48480.6,47040.3,60910.0,-0.80
47282.8,47748.2,48155.9,46788.8,50160.0,-0.97
48306.7,47283.9,48761.0,47070.5,43640.0,2.17
47238.7,48299.9,48341.9,46866.6,41980.0,-2.21
42870.6,47240.8,47323.9,42547.1,77960.0,-9.25
40651.3,43012.3,43619.3,39646.8,142550.0,-5.18
43551.6,40660.8,43976.7,40585.7,93980.0,7.13
44869.2,43550.7,44949.8,43090.1,74540.0,3.03
42819.9,44867.4,45112.0,40908.5,128880.0,-4.57
42686.8,42818.7,42959.3,41714.5,46350.0,-0.31
43203.4,42685.8,43907.3,40786.6,69910.0,1.21
42172.6,43200.9,44293.2,42143.9,54120.0,-2.39
41022.3,42169.9,42758.8,40906.4,60010.0,-2.73
41536.8,41023.1,42571.2,40815.0,48210.0,1.25
43823.3,41534.5,44101.2,41416.7,64319.99999999999,5.50
48146.0,43824.4,48435.2,43292.9,94660.0,9.86
47666.9,48147.2,48306.9,47451.7,39820.0,-1.00
48200.1,47665.4,49165.2,47123.0,42410.0,1.12
49227.3,48200.4,49481.7,46958.6,66920.0,2.13
51469.3,49229.5,51872.4,49060.1,76630.0,4.55
55323.2,51470.0,55676.1,50439.5,116260.0,7.49
53783.9,55325.2,55325.6,53476.4,75680.0,-2.78
53914.7,53785.5,55977.9,53659.3,64050.0,0.24
54942.5,53924.1,55430.8,53711.7,64650.00000000001,1.91
54687.7,54942.5,56432.2,54100.8,104430.0,-0.46
57477.3,54686.9,57814.1,54457.8,73840.0,5.10
56015.9,57480.6,57635.7,54155.4,74850.0,-2.54
57380.1,56014.5,57697.4,54314.4,73620.0,2.44
57345.8,57370.4,58506.5,56866.8,59840.0,-0.06
61672.5,57348.2,62892.8,56874.8,121480.0,7.54
60861.1,61669.2,62329.2,60161.9,49930.0,-1.32
